Score,Episodes,Duration_format,Genre_format,Source_format,cluster
8.78,26,24,0,0,2
8.39,1,115,0,0,0
8.24,26,24,0,1,2
7.27,26,25,0,0,2
6.98,52,23,1,1,2
7.95,145,23,0,1,2
8.06,24,23,2,1,2
8.15,24,27,0,1,2
8.76,74,24,3,1,2
7.91,220,23,0,1,2
7.9,178,22,0,1,2
7.94,26,23,2,1,2
7.42,24,24,0,1,2
7.76,22,23,0,0,2
7.95,69,24,2,1,2
7.51,26,24,0,1,2
8.32,26,24,0,0,2
7.45,1,104,3,0,0
8.51,1,87,4,0,0
8.49,25,25,0,1,2
8.29,1,82,0,1,0
8.73,4,30,0,1,2
8.31,94,25,0,1,2
7.56,1,91,3,1,0
8.17,1,124,0,1,0
6.98,26,24,5,0,2
7.32,5,30,2,1,2
7.35,24,24,2,1,2
6.31,3,30,0,1,2
7.26,26,24,4,1,2
7.14,24,23,6,1,2
7.1,1,105,0,1,0
6.53,26,22,0,5,2
5.91,13,24,1,0,2
8.31,26,25,2,1,2
7.05,26,23,1,0,2
7.43,26,24,4,1,2
7.66,24,23,0,1,2
7.2,26,23,0,1,2
6.77,26,24,6,2,2
6.62,12,23,4,1,2
7.44,12,24,0,1,2
7.65,12,24,0,1,2
7.98,26,24,7,3,2
7.58,24,24,0,1,2
7.38,23,24,4,1,2
6.35,25,24,0,0,2
7.65,24,24,0,4,2
8.07,12,24,0,4,2
7.96,13,24,0,4,2
7.65,26,25,2,1,2
7.3,25,24,0,0,2
7.42,13,25,0,0,2
7.99,13,25,0,0,2
7.09,24,23,6,2,2
7.78,43,25,0,0,2
8.03,12,25,1,0,2
7.9,6,27,8,0,2
6.79,1,52,8,0,2
7.3,13,30,8,0,2
7.92,50,24,8,0,2
6.66,47,24,4,0,2
7.68,1,119,8,5,0
6.76,51,24,3,0,2
7.72,49,24,0,0,2
7.76,3,30,0,0,2
7.32,39,24,4,0,2
7.79,50,24,0,0,2
7.22,50,24,0,0,2
7.7,50,24,0,0,2
7.56,49,24,1,0,2
7.82,26,24,0,0,2
7.46,26,23,0,0,2
7.31,26,24,2,0,2
7.2,13,23,2,1,2
7.32,12,24,7,2,2
7.48,26,25,2,1,2
7.39,74,24,1,1,2
7.23,24,21,1,1,2
7.23,13,24,1,1,2
7.29,3,30,1,1,2
6.81,24,23,1,0,2
6.83,52,25,4,0,2
4.95,8,14,0,0,2
7.38,26,23,0,0,2
7.93,26,12,2,1,2
6.83,13,25,1,0,2
6.97,26,23,1,0,2
7.32,7,34,1,0,2
6.85,4,30,1,0,2
6.56,13,14,2,2,2
7.69,26,24,7,1,2
8.17,51,24,0,1,2
7.96,52,24,9,1,2
7.64,52,23,1,1,2
6.49,13,24,2,0,2
6.91,13,24,2,0,2
6.96,24,25,0,5,2
7.59,50,23,0,1,2
7.61,49,24,0,1,2
6.21,12,24,2,2,2
7.42,13,24,0,1,2
8.11,75,23,2,1,2
8.42,62,23,0,1,2
6.14,12,23,10,1,2
6.87,12,24,11,1,2
7.11,13,24,3,2,2
7.61,26,24,2,1,2
6.76,12,24,4,0,2
7.24,14,23,3,2,2
6.86,12,24,0,1,2
7.66,50,24,0,0,2
7.12,3,46,0,1,2
7.28,24,23,0,0,2
8.06,45,25,0,5,2
7.78,64,23,0,1,2
6.59,1,97,0,1,0
7.43,24,24,0,1,2
6.98,26,23,2,1,2
7.34,13,24,7,4,2
6.34,24,23,1,1,2
7.66,13,25,1,0,2
7.33,24,24,0,1,2
6.94,26,24,2,1,2
6.48,26,20,1,5,2
8.72,1,135,0,0,0
7.42,26,23,0,0,2
7.48,26,26,12,6,2
7.41,24,23,4,4,2
7.38,26,24,0,0,2
6.91,12,24,0,2,2
8.53,101,23,2,1,2
7.23,25,24,13,1,2
6.93,24,23,0,1,2
6.63,26,25,0,1,2
6.19,4,28,1,2,2
7.55,26,25,0,1,2
7.18,26,24,2,1,2
7.21,13,22,0,0,2
7.42,13,22,0,0,2
7.7,26,24,1,0,2
7.39,39,24,14,1,2
6.37,12,23,0,5,2
8.29,26,25,0,1,2
8.12,13,23,0,1,2
7.89,1,105,0,1,0
7.14,24,23,2,1,2
7.25,3,30,2,1,2
7.34,1,46,7,1,2
6.8,24,24,2,4,2
7.55,5,30,1,0,2
7.17,12,23,4,0,2
6.88,12,25,2,0,2
6.55,24,15,4,1,2
7.35,24,23,0,0,2
8.83,1,125,1,0,0
7.21,6,29,2,1,2
7.82,26,23,0,0,2
6.75,5,30,1,2,2
8.5,26,24,0,0,2
7.16,27,24,0,5,2
7.4,13,25,0,5,2
7.67,3,33,0,4,2
7.55,26,25,0,4,2
7.76,161,24,7,1,2
6.86,1,84,0,0,0
5.94,1,48,2,2,2
7.52,26,23,0,0,2
6.77,1,79,0,0,0
6.65,2,30,0,0,2
6.68,13,25,0,0,2
8.0,153,24,1,1,2
6.48,64,23,0,1,2
7.56,13,25,0,1,2
8.03,6,25,0,0,2
7.65,26,25,13,0,2
6.92,12,24,2,1,2
7.02,27,24,0,1,2
6.18,26,12,0,1,2
8.16,70,25,1,1,2
6.69,26,24,1,1,2
6.64,26,23,1,1,2
8.09,50,24,1,0,2
7.36,42,23,0,1,2
8.17,24,24,3,5,2
7.66,12,25,7,1,2
6.45,11,23,6,1,2
7.42,13,23,7,1,2
7.02,13,22,2,1,2
8.7,43,25,7,1,2
7.27,51,24,1,1,2
6.68,12,23,2,1,2
7.85,167,24,0,1,2
7.55,150,23,1,1,2
7.7,78,25,1,4,2
7.07,26,24,8,0,2
7.84,26,23,7,1,2
7.83,6,26,2,1,2
7.65,7,26,7,1,2
6.45,13,24,15,1,2
6.23,4,30,16,1,2
6.67,13,23,2,1,2
6.84,13,24,2,1,2
6.83,3,30,2,1,2
8.75,75,23,2,1,2
6.8,12,23,3,5,2
7.87,26,25,0,5,2
8.03,6,29,1,1,2
7.8,366,24,0,1,2
7.5,13,23,0,1,2
6.7,26,25,4,0,2
7.31,26,24,0,0,2
6.75,12,24,7,1,2
7.22,24,23,0,0,2
5.91,9,15,15,0,2
7.18,12,24,2,1,2
7.17,14,24,8,1,2
6.75,51,20,0,5,2
7.15,13,24,17,5,2
6.83,51,23,1,1,2
5.74,3,27,2,2,2
7.3,50,23,0,1,2
7.03,12,25,0,1,2
7.05,25,22,1,1,2
7.44,24,25,0,1,2
6.73,51,23,0,1,2
6.59,13,24,2,2,2
7.69,13,26,0,4,2
6.85,26,24,3,1,2
6.73,16,4,2,0,2
5.93,13,24,1,0,2
6.3,13,24,1,0,2
6.73,38,25,0,1,2
6.72,12,25,0,1,2
6.6,12,23,1,1,2
6.61,4,33,5,0,2
6.77,4,30,0,1,2
6.92,48,7,2,3,2
7.57,1,106,2,0,0
5.39,4,18,0,1,2
7.26,13,24,2,0,2
6.94,26,25,4,0,2
6.16,13,24,2,0,2
7.02,26,24,14,1,2
6.87,13,24,3,1,2
6.73,10,23,2,0,2
6.02,3,30,15,1,2
6.56,2,26,0,0,2
6.0,12,23,0,0,2
7.83,12,24,2,1,2
7.68,13,24,13,0,2
7.69,47,25,2,0,2
7.0,25,24,7,1,2
7.27,4,22,16,1,2
6.02,10,24,9,0,2
8.31,26,25,3,1,2
7.28,13,24,2,1,2
7.61,45,23,1,1,2
7.19,38,23,1,1,2
7.49,76,24,2,1,2
7.29,26,24,2,1,2
6.46,13,24,17,2,2
6.24,24,11,2,1,2
8.33,40,24,8,1,2
8.03,13,23,18,0,2
7.59,26,23,0,1,2
7.25,25,23,3,1,2
7.0,13,24,3,4,2
7.37,20,25,4,1,2
7.67,12,25,7,1,2
6.66,22,24,0,5,2
6.45,13,13,2,0,2
7.21,51,24,2,0,2
7.34,49,24,2,0,2
7.34,50,24,19,0,2
7.59,51,24,2,0,2
5.63,12,14,2,0,2
7.51,24,24,0,4,2
7.34,24,24,0,2,2
6.59,4,25,2,4,2
6.99,6,27,3,4,2
6.3,2,30,0,1,2
6.24,12,23,1,5,2
7.47,37,25,13,1,2
5.94,7,30,0,0,2
7.05,3,24,2,1,2
6.65,6,30,20,2,2
7.17,12,24,21,4,2
6.55,13,25,0,0,2
7.64,1,81,2,1,0
8.22,1,82,2,1,0
6.7,6,28,4,1,2
6.53,12,23,0,0,2
7.19,1,25,16,1,2
6.73,6,25,0,0,2
6.64,1,62,0,0,0
7.5,26,24,2,1,2
7.16,3,28,1,1,2
6.37,4,28,2,1,2
7.03,24,13,2,5,2
7.05,13,22,0,1,2
6.65,26,23,3,1,2
7.27,41,24,2,1,2
7.99,13,24,7,6,2
7.83,52,23,14,1,2
7.42,6,30,0,0,2
7.22,26,23,3,1,2
6.82,4,30,1,5,2
8.45,112,24,0,1,2
7.08,1,97,1,0,0
7.16,12,23,2,1,2
7.08,13,23,0,1,2
7.72,13,25,0,4,2
7.84,10,25,0,4,2
7.7,2,37,0,4,2
7.26,1,2,0,4,2
7.87,24,25,0,1,2
8.0,2,42,22,1,2
6.62,12,14,2,1,2
6.75,6,26,0,1,2
6.91,1,48,16,0,2
7.76,45,25,2,1,2
7.33,1,25,0,5,2
7.28,26,24,0,0,2
6.56,12,24,2,1,2
2.23,1,19,4,2,2
7.19,1,104,7,3,0
7.98,1,93,0,1,0
6.47,26,24,0,5,2
6.92,26,24,1,1,2
6.68,1,90,1,1,0
6.66,13,23,2,0,2
6.73,2,30,2,0,2
6.85,6,26,2,0,2
7.18,24,25,1,4,2
6.44,2,26,2,1,2
6.12,4,30,0,5,2
7.94,51,23,2,0,2
7.52,1,24,1,0,2
7.88,1,50,2,0,2
7.57,1,105,8,1,0
8.67,1,119,1,5,0
7.07,6,27,0,0,2
5.55,1,42,0,0,2
7.46,20,24,1,1,2
8.48,1,80,18,5,0
6.54,3,30,0,2,2
6.14,2,45,1,1,2
8.2,39,23,2,0,2
7.6,1,90,18,0,0
7.1,1,82,1,1,0
7.32,1,21,2,0,2
6.73,25,23,0,0,2
7.66,1,99,0,1,0
7.8,1,98,0,1,0
6.16,1,26,2,0,2
6.94,26,25,2,0,2
8.69,26,25,1,1,2
6.24,3,27,2,1,2
7.17,1,55,0,1,0
6.99,1,55,0,1,0
7.59,1,95,0,1,0
7.7,1,91,1,1,0
7.28,1,94,1,1,0
8.45,26,25,0,1,2
7.82,1,99,8,1,0
7.17,24,23,2,1,2
6.6,13,25,3,2,2
6.66,12,23,0,0,2
7.72,4,39,3,0,2
7.34,12,24,14,4,2
7.69,13,24,4,1,2
7.11,26,24,0,0,2
7.76,51,23,0,1,2
7.47,224,23,1,1,2
7.16,180,23,0,1,2
7.35,24,23,0,0,2
7.29,26,5,7,3,2
8.34,13,24,0,4,2
6.68,13,23,6,1,2
7.66,12,24,7,3,2
7.4,12,26,2,0,2
7.45,26,24,2,1,2
6.86,1,90,0,0,0
7.08,1,92,0,0,0
6.71,26,25,1,1,2
6.63,1,132,1,5,0
6.13,3,45,0,0,2
6.17,1,79,1,5,0
7.27,51,24,19,0,2
7.34,23,24,3,1,2
6.96,2,26,2,1,2
6.97,296,25,1,1,2
6.81,13,25,2,0,2
5.89,13,24,2,2,2
6.19,13,25,1,5,2
8.31,1,125,1,0,0
6.85,3,36,3,0,2
7.7,358,23,2,1,2
7.75,2,25,2,1,2
7.34,26,23,2,1,2
7.04,52,24,1,1,2
7.54,1,109,1,1,0
8.31,1,86,1,0,0
7.04,1,25,2,0,2
6.98,26,23,1,0,2
7.17,6,30,3,1,2
7.34,276,24,0,5,2
7.63,1,85,0,5,0
7.18,13,24,3,1,2
7.68,46,24,3,1,2
7.85,38,24,3,1,2
7.76,26,22,1,4,2
8.04,26,24,1,4,2
7.3,1,66,1,4,0
5.27,2,28,0,5,2
6.87,26,23,2,0,2
7.66,6,29,0,0,2
7.66,6,33,0,0,2
7.32,6,30,0,0,2
7.89,1,102,0,4,0
6.78,1,103,0,1,0
6.0,13,12,3,2,2
7.21,27,24,0,1,2
7.79,54,24,0,6,2
7.07,13,23,2,1,2
6.79,24,15,1,0,2
6.3,12,15,2,0,2
6.11,3,15,3,0,2
6.7,4,15,2,0,2
8.25,26,25,2,1,2
6.35,1,15,4,0,2
7.4,1,51,0,0,2
6.88,25,24,1,5,2
6.44,3,31,1,5,2
6.68,12,23,4,1,2
6.56,2,30,2,0,2
7.35,1,126,0,0,0
7.11,4,33,0,1,2
7.53,26,24,0,0,2
7.1,26,24,1,0,2
7.87,26,23,8,4,2
6.07,6,29,0,0,2
7.35,25,25,0,0,2
5.74,6,24,4,5,2
6.38,13,24,2,1,2
6.21,13,24,17,1,2
6.84,10,4,2,6,2
6.25,2,33,1,0,2
7.71,48,8,2,1,2
7.62,24,25,4,0,2
8.23,1,111,7,1,0
7.45,11,23,13,6,2
7.52,6,24,2,4,2
5.96,2,28,15,1,2
8.04,21,23,0,1,2
6.62,12,24,2,4,2
6.93,26,23,1,5,2
7.48,26,23,3,0,2
6.84,1,22,13,1,2
7.0,1,6,22,1,2
7.33,1,32,2,1,2
6.52,7,29,1,0,2
7.0,49,24,0,0,2
7.12,26,24,9,0,2
6.71,26,23,2,0,2
7.12,13,24,1,0,2
6.45,1,85,1,2,0
7.1,2,30,3,1,2
6.29,12,24,2,2,2
6.53,13,25,2,4,2
6.34,13,24,19,0,2
6.62,5,24,2,0,2
6.72,35,24,3,1,2
7.61,1,94,1,0,0
6.7,13,24,1,0,2
7.06,13,24,13,1,2
6.94,12,25,0,2,2
6.72,25,24,1,1,2
6.04,12,14,0,1,2
8.27,26,25,2,1,2
7.07,6,28,4,0,2
7.13,13,24,3,1,2
6.67,13,25,0,0,2
6.87,13,25,1,0,2
6.63,16,8,2,1,2
7.98,1,77,5,1,0
6.8,12,23,2,1,2
7.27,3,29,0,1,2
7.18,9,24,4,0,2
7.31,26,24,2,0,2
7.22,13,24,2,5,2
7.33,2,24,22,2,2
7.94,26,23,5,1,2
7.03,1,6,2,3,2
7.18,7,30,1,1,2
7.35,6,35,1,1,2
6.67,12,24,2,1,2
5.81,13,25,2,1,2
6.12,3,25,2,6,2
6.83,12,24,3,2,2
5.16,1,24,19,2,2
6.56,12,22,17,0,2
6.44,13,24,3,2,2
6.99,52,24,4,1,2
6.72,12,23,21,0,2
6.95,1,24,3,0,2
7.15,26,25,0,1,2
7.48,124,25,0,1,2
6.19,12,24,0,0,2
6.78,24,24,2,2,2
7.44,26,23,2,0,2
6.52,13,24,2,2,2
6.44,4,7,2,2,2
7.57,26,24,1,5,2
7.34,9,13,2,1,2
7.26,1,91,3,2,0
6.45,3,30,2,1,2
6.46,16,7,2,1,2
7.14,2,54,3,4,2
8.15,38,16,2,0,2
8.12,1,67,1,9,0
7.08,1,80,0,4,0
5.89,1,30,20,1,2
7.28,102,24,0,1,2
7.69,43,24,3,1,2
6.75,1,30,2,1,2
6.54,20,25,2,7,2
6.03,2,30,2,4,2
6.76,2,30,3,1,2
6.92,12,12,7,1,2
4.96,1,27,3,1,2
7.03,36,25,1,8,2
7.04,1,2,0,0,2
8.29,1,92,2,0,0
5.02,3,14,1,0,2
6.05,1,24,2,2,2
6.09,1,46,0,0,2
6.37,4,27,4,0,2
7.37,1,23,3,0,2
6.69,13,24,3,2,2
6.19,4,30,15,0,2
6.61,12,25,7,1,2
8.4,10,50,0,1,2
7.87,1,94,1,1,0
6.66,25,25,21,0,2
6.47,13,23,2,1,2
7.14,2,48,2,6,2
4.39,2,30,15,1,2
6.93,6,25,3,4,2
7.92,23,25,21,0,2
6.14,1,2,0,1,2
7.96,1,1,13,1,2
7.79,39,25,21,1,2
6.69,3,14,2,1,2
7.42,12,23,3,0,2
6.48,13,24,2,1,2
6.85,13,23,2,0,2
8.54,26,25,0,1,2
6.54,3,28,0,1,2
6.44,24,14,2,1,2
6.83,13,26,1,0,2
8.16,291,24,0,1,2
7.49,1,30,2,1,2
7.36,1,65,0,1,0
5.58,6,26,8,0,2
6.21,12,24,2,1,2
6.32,1,49,22,1,2
9.07,110,26,8,5,2
7.57,1,52,0,1,2
7.33,2,27,0,1,2
5.84,2,29,20,0,2
6.68,2,30,20,2,2
7.08,24,24,2,0,2
5.78,24,25,10,0,2
6.4,13,23,0,0,2
6.98,1,33,0,1,2
6.43,26,23,2,4,2
6.07,13,24,3,1,2
6.59,12,24,2,1,2
6.05,16,6,2,1,2
7.16,10,30,0,1,2
7.32,51,24,1,0,2
8.03,26,24,2,1,2
6.21,1,23,4,1,2
7.88,14,23,2,4,2
6.55,13,26,6,2,2
8.2,26,23,2,1,2
6.13,12,25,0,2,2
7.31,26,25,3,6,2
7.67,26,23,0,2,2
7.53,25,24,0,1,2
6.95,48,23,1,0,2
6.76,12,24,0,5,2
8.01,24,24,2,1,2
6.58,12,24,2,1,2
6.7,48,24,4,0,2
7.21,1,33,1,4,2
7.33,1,1,1,4,2
7.34,1,59,1,4,0
7.33,1,1,1,4,2
6.87,2,27,2,1,2
7.09,40,9,1,0,2
6.91,26,24,1,0,2
7.62,51,25,1,0,2
7.79,1,104,1,1,0
7.07,29,24,0,5,2
8.46,47,23,9,1,2
7.35,26,23,0,0,2
7.46,26,24,8,0,2
7.58,22,24,2,1,2
7.21,1,94,0,1,0
6.88,1,85,0,1,0
7.69,1,71,17,0,0
6.4,12,24,0,1,2
8.05,12,24,0,1,2
7.82,49,25,1,0,2
7.55,1,55,0,1,0
7.02,12,24,2,1,2
7.35,3,7,17,1,2
6.38,13,23,1,0,2
6.34,13,24,1,0,2
7.04,55,24,1,1,2
7.56,26,24,2,1,2
7.23,26,24,1,1,2
6.58,13,24,0,1,2
7.08,1,46,0,1,2
8.96,201,24,0,1,2
6.65,13,24,3,1,2
6.44,1,27,2,0,2
6.65,2,24,2,0,2
6.63,52,24,4,6,2
7.05,49,24,0,5,2
6.98,39,25,4,0,2
6.06,1,11,2,1,2
7.95,26,24,13,2,2
7.27,24,24,0,6,2
6.88,1,97,1,1,0
6.6,1,66,0,1,0
7.27,26,23,2,4,2
6.98,12,24,2,0,2
6.77,13,24,13,4,2
6.43,12,24,3,1,2
7.89,6,30,0,0,2
7.64,142,24,2,1,2
7.26,11,22,0,1,2
6.68,44,24,1,0,2
7.94,39,25,1,4,2
7.17,25,24,0,0,2
7.36,26,24,1,5,2
7.33,26,20,1,5,2
7.1,35,25,0,5,2
8.2,26,24,4,1,2
5.54,8,13,2,0,2
7.99,109,25,0,1,2
7.6,26,25,0,1,2
7.37,47,23,0,1,2
7.0,50,24,0,1,2
6.7,2,30,20,2,2
6.58,24,24,1,0,2
7.35,2,29,4,1,2
7.16,2,32,4,1,2
6.55,1,90,0,5,0
5.84,3,29,2,0,2
5.76,1,5,2,0,2
7.15,13,25,17,4,2
7.1,13,25,0,0,2
7.95,13,23,0,1,2
7.92,34,24,3,1,2
7.03,26,23,0,1,2
7.71,42,25,0,1,2
6.66,1,23,1,0,2
7.67,6,30,0,0,2
6.61,26,22,1,5,2
7.75,6,30,2,1,2
7.63,2,30,2,1,2
6.46,2,8,2,1,2
7.23,24,25,12,0,2
7.02,2,24,7,0,2
7.69,1,30,2,1,2
7.09,2,30,3,1,2
7.17,24,25,0,4,2
6.82,23,24,1,4,2
6.57,13,24,0,4,2
6.91,3,30,0,4,2
7.4,44,24,3,1,2
8.03,4,23,4,0,2
7.01,13,25,4,0,2
6.11,2,29,1,1,2
6.92,1,105,17,5,0
7.48,1,118,7,1,0
7.34,1,119,23,0,0
5.09,1,33,1,0,2
6.81,1,80,1,5,0
8.27,1,87,0,0,0
5.88,2,30,20,2,2
6.41,2,30,22,2,2
6.9,47,25,7,1,2
6.44,1,46,3,1,2
6.45,1,54,3,1,2
6.72,2,50,0,1,2
7.03,12,24,1,1,2
6.38,13,25,16,0,2
6.92,1,63,9,8,0
7.5,76,25,4,1,2
6.13,1,19,2,1,2
6.26,16,3,0,1,2
7.4,24,8,2,1,2
7.31,7,30,1,1,2
8.02,101,25,14,1,2
7.45,40,23,0,0,2
7.41,5,11,0,0,2
7.34,1,10,2,1,2
7.05,4,34,0,0,2
7.21,5,37,0,5,2
6.76,24,24,4,0,2
6.34,13,24,3,1,2
6.47,3,40,1,2,2
7.55,48,25,2,1,2
7.94,36,25,0,0,2
7.97,1,115,0,0,0
7.3,1,140,0,0,0
7.39,1,135,0,0,0
7.78,1,140,0,0,0
6.4,136,23,2,1,2
7.55,1,99,3,0,0
7.9,1,108,8,0,0
5.97,13,26,3,2,2
6.12,3,30,4,5,2
6.69,13,25,15,0,2
5.96,1,28,21,0,2
6.44,1,82,0,5,0
7.13,26,24,19,1,2
6.68,1,24,3,1,2
7.09,39,25,1,1,2
6.8,1,78,0,0,0
6.3,3,30,20,2,2
5.76,1,37,22,1,2
7.14,1,99,7,5,0
7.36,1,80,1,5,0
7.09,1,91,0,5,0
6.92,1,79,1,5,0
7.18,1,74,1,5,0
6.76,1,81,1,5,0
6.98,1,98,0,5,0
6.72,25,24,1,1,2
7.14,1,25,8,4,2
7.23,13,47,4,0,2
6.75,12,23,2,1,2
6.97,12,23,2,1,2
6.88,1,24,4,1,2
6.54,1,100,0,0,0
7.15,50,23,0,0,2
7.18,26,24,0,0,2
7.02,1,1,0,0,2
6.98,32,23,4,0,2
7.07,52,24,1,5,2
7.11,1,95,1,0,0
8.26,12,23,3,1,2
7.37,1,43,2,0,2
7.26,1,30,0,0,2
5.99,4,47,12,5,2
6.93,4,36,4,1,2
6.95,6,30,2,1,2
6.07,4,27,0,0,2
6.2,25,24,0,5,2
6.3,3,30,1,1,2
6.65,25,24,1,1,2
6.11,2,30,1,1,2
6.53,48,15,1,0,2
6.86,6,30,1,5,2
6.0,12,24,0,1,2
6.66,3,45,1,0,2
7.37,3,29,1,4,2
7.33,3,29,1,4,2
7.83,26,23,1,4,2
6.04,13,25,4,0,2
6.67,4,28,4,1,2
6.45,3,52,0,0,2
7.07,26,25,4,0,2
6.95,25,24,0,1,2
6.66,4,30,0,1,2
6.64,6,30,0,0,2
5.62,3,30,0,5,2
7.03,26,22,1,4,2
6.5,6,32,0,0,2
6.9,26,22,0,0,2
6.57,3,23,2,1,2
6.52,26,24,0,1,2
7.23,6,27,0,5,2
6.31,13,24,2,4,2
6.65,12,24,0,0,2
7.33,13,23,0,4,2
7.21,12,5,2,1,2
6.6,12,25,2,2,2
5.8,26,24,1,0,2
6.16,1,24,0,5,2
6.66,1,22,3,0,2
7.02,1,47,0,1,2
8.33,24,24,2,5,2
7.72,1,115,0,0,0
7.51,26,25,1,0,2
6.88,10,24,7,1,2
5.51,1,30,3,1,2
6.73,13,24,2,1,2
6.35,52,25,0,6,2
7.31,26,25,7,1,2
6.12,13,24,0,9,2
6.97,3,45,0,1,2
5.74,4,50,11,1,2
6.01,2,27,0,1,2
6.84,12,23,1,0,2
6.05,1,25,2,0,2
7.59,39,24,3,1,2
7.43,1,47,3,0,2
6.78,24,24,4,1,2
5.83,1,50,0,1,2
7.13,13,24,0,1,2
6.9,1,55,0,5,0
6.96,26,24,0,5,2
7.3,26,24,1,1,2
7.54,39,25,1,0,2
5.37,1,87,0,0,0
7.23,1,80,1,1,0
7.05,54,24,0,0,2
6.33,6,24,1,0,2
6.47,3,30,3,2,2
5.85,1,1,0,9,2
5.94,1,58,0,1,0
6.38,1,48,0,1,2
5.6,2,39,2,1,2
6.13,4,30,20,1,2
6.49,7,26,0,5,2
7.69,39,27,1,5,2
6.29,6,36,17,0,2
7.68,19,24,13,0,2
6.03,3,30,2,2,2
5.32,1,47,0,0,2
5.03,1,48,0,0,2
7.29,7,30,2,0,2
7.56,16,25,4,0,2
6.75,1,102,4,0,0
7.36,5,27,0,0,2
7.69,195,25,0,1,2
6.51,1,48,0,0,2
6.41,1,45,0,0,2
6.46,1,53,0,0,2
7.21,13,24,10,0,2
6.64,24,10,2,1,2
7.13,26,25,8,0,2
7.24,50,25,0,0,2
6.33,26,25,0,0,2
6.96,52,20,5,1,2
6.67,1,29,14,1,2
6.1,4,45,3,1,2
7.07,1,79,12,5,0
6.3,26,25,1,0,2
6.3,25,24,2,1,2
5.43,2,30,0,1,2
6.28,3,24,4,0,2
7.29,8,41,1,0,2
6.54,3,45,0,0,2
6.02,12,24,0,0,2
6.57,3,30,0,0,2
5.94,6,30,0,0,2
7.18,3,45,0,0,2
6.97,3,58,0,5,0
6.33,2,30,20,2,2
6.37,1,100,4,5,0
8.04,1,100,1,1,0
6.45,1,10,2,6,2
7.11,13,25,4,1,2
7.54,47,24,0,1,2
7.26,26,23,1,1,2
7.22,1,90,0,4,0
5.83,6,15,0,1,2
6.99,4,28,0,1,2
5.63,2,30,20,2,2
6.31,10,30,20,2,2
6.13,5,30,20,2,2
6.23,3,30,20,2,2
7.13,49,25,0,0,2
6.84,4,30,4,0,2
6.97,3,24,0,0,2
6.93,1,33,0,0,2
6.74,6,30,20,2,2
5.72,2,30,20,2,2
6.66,5,30,20,2,2
6.58,5,5,14,0,2
7.29,13,24,10,0,2
5.69,6,28,1,0,2
7.67,23,25,0,1,2
7.09,1,91,0,1,0
7.17,1,97,0,1,0
7.8,155,25,0,1,2
6.04,1,50,0,1,2
7.28,1,73,0,1,0
5.71,13,23,0,5,2
6.34,2,54,0,0,2
7.26,26,24,1,0,2
8.18,96,25,7,1,2
7.39,13,23,0,0,2
6.49,12,23,0,0,2
6.92,15,34,0,0,2
7.46,49,25,0,0,2
7.73,3,37,3,1,2
6.88,10,22,0,1,2
6.64,26,23,4,0,2
6.12,1,48,0,1,2
7.93,51,25,0,1,2
8.05,103,23,0,1,2
7.61,24,23,1,1,2
6.09,2,38,0,1,2
7.86,35,25,2,1,2
8.04,102,22,2,1,2
6.68,1,24,1,0,2
6.91,3,14,2,0,2
7.16,26,24,0,0,2
6.09,1,83,16,1,0
7.14,12,25,0,4,2
6.21,4,24,2,1,2
6.21,20,25,3,1,2
6.68,13,25,1,1,2
6.97,6,24,2,1,2
7.07,153,22,2,1,2
6.8,26,24,0,1,2
8.19,12,24,0,1,2
7.74,12,50,3,1,2
7.22,13,25,7,0,2
6.87,1,69,0,5,0
7.31,1,100,0,5,0
6.48,1,42,1,5,2
5.25,3,27,4,0,2
8.01,24,24,7,2,2
6.71,12,24,2,2,2
6.69,51,24,1,1,2
7.13,49,24,0,0,2
8.63,37,23,13,1,2
7.35,26,24,0,1,2
6.3,22,25,0,1,2
7.18,24,23,0,1,2
6.69,22,27,0,1,2
6.11,26,25,0,0,2
6.68,3,28,10,5,2
7.02,26,23,1,1,2
7.2,42,24,4,1,2
6.76,104,24,3,1,2
6.89,4,36,0,1,2
7.07,12,25,11,1,2
7.07,25,24,2,5,2
7.13,4,40,16,1,2
7.59,26,23,0,4,2
8.11,50,25,0,1,2
5.05,3,30,0,5,2
6.18,12,24,9,2,2
7.09,192,24,0,5,2
7.2,191,23,0,5,2
8.14,1,108,8,1,0
7.55,43,22,1,1,2
6.91,22,24,0,1,2
7.06,12,24,2,2,2
6.41,12,25,2,2,2
7.81,25,25,13,4,2
6.98,51,24,0,1,2
8.72,25,24,0,0,2
7.13,26,24,0,0,2
7.46,4,30,0,1,2
6.88,13,23,1,5,2
7.48,25,24,6,2,2
6.12,2,1,1,1,2
6.63,12,24,2,2,2
6.28,2,50,0,1,2
6.26,12,25,0,1,2
6.93,2,27,2,0,2
6.92,25,23,11,0,2
7.37,11,23,3,1,2
6.28,12,23,2,6,2
7.03,11,21,2,1,2
7.93,26,25,13,0,2
5.25,4,29,0,0,2
7.09,22,23,3,0,2
7.07,13,24,3,0,2
6.84,25,24,0,5,2
8.18,203,24,0,1,2
7.63,52,24,0,1,2
6.39,12,24,3,1,2
7.49,20,25,2,1,2
7.27,4,30,0,0,2
7.4,52,24,0,1,2
6.48,4,21,2,1,2
6.6,26,25,0,5,2
7.1,1,24,15,1,2
5.81,4,28,0,1,2
5.61,1,46,0,0,2
6.06,13,24,0,1,2
6.66,26,25,0,1,2
6.06,2,26,20,2,2
6.5,3,30,20,2,2
6.5,2,30,20,2,2
6.84,41,23,1,8,2
4.37,1,34,20,0,2
7.44,51,24,17,1,2
5.87,2,28,17,0,2
4.74,2,37,0,1,2
6.85,2,24,2,1,2
7.59,26,25,0,0,2
7.42,26,24,0,0,2
7.07,25,23,0,0,2
6.83,1,26,7,1,2
7.33,12,24,2,0,2
4.18,3,30,0,0,2
6.5,1,39,0,1,2
6.66,24,15,0,1,2
6.45,25,25,0,1,2
5.22,13,24,0,1,2
6.93,52,20,0,1,2
6.68,51,21,0,1,2
6.59,1,70,0,1,0
6.27,3,30,0,5,2
6.48,48,26,4,5,2
7.27,47,27,0,1,2
6.56,13,25,0,5,2
7.28,50,25,0,1,2
6.47,4,30,0,2,2
5.85,26,21,0,1,2
7.45,1,93,0,1,0
7.66,24,23,4,1,2
6.52,26,23,0,0,2
7.02,6,24,0,1,2
8.32,23,22,9,1,2
7.66,24,24,3,8,2
6.46,12,24,0,1,2
6.58,13,25,0,1,2
6.9,51,24,0,1,2
7.06,1,75,0,5,0
6.93,56,21,0,5,2
6.24,13,24,0,1,2
7.73,2,24,0,1,2
6.77,12,23,3,1,2
7.27,26,24,6,1,2
6.39,26,25,1,0,2
5.33,6,7,2,2,2
6.98,12,24,0,5,2
6.84,12,24,3,2,2
7.42,52,24,2,1,2
7.18,4,32,0,5,2
7.12,1,27,15,1,2
6.48,1,27,0,0,2
8.16,500,23,0,1,2
7.15,14,24,0,1,2
7.11,12,24,0,1,2
5.51,11,24,0,1,2
5.48,4,14,2,0,2
6.56,12,45,13,5,2
7.3,172,21,23,1,2
7.45,7,27,0,0,2
5.28,1,16,0,5,2
6.59,1,56,0,1,0
6.92,6,37,0,4,2
5.75,1,45,0,4,2
6.78,4,27,0,6,2
5.99,12,21,0,0,2
5.78,3,30,20,2,2
6.5,12,25,0,1,2
7.04,1,25,0,0,2
5.65,12,24,0,1,2
6.21,1,55,0,4,0
6.25,2,29,20,0,2
5.6,3,26,20,2,2
6.42,2,29,20,2,2
7.0,3,26,20,2,2
6.89,26,25,0,0,2
6.39,1,80,0,4,0
6.4,1,55,0,4,0
7.08,1,81,0,4,0
6.67,6,27,0,4,2
7.03,2,23,0,4,2
6.45,12,24,0,2,2
7.28,26,24,2,1,2
6.48,12,24,3,1,2
5.56,2,29,0,0,2
3.67,12,5,4,0,2
7.66,3,24,2,1,2
7.39,1,90,0,4,0
6.46,78,24,4,5,2
6.85,1,23,4,1,2
7.78,26,23,0,1,2
5.46,2,25,0,5,2
6.18,3,30,6,2,2
6.61,6,30,0,5,2
7.79,1,83,3,1,0
7.37,1,86,3,1,0
7.04,65,25,1,8,2
8.17,26,25,0,5,2
6.95,1,115,1,5,0
6.18,4,25,0,1,2
5.18,1,100,0,1,0
6.54,12,24,2,2,2
6.81,12,24,0,4,2
7.49,12,23,0,4,2
8.27,26,25,3,1,2
6.91,26,24,0,1,2
7.15,26,25,14,0,2
7.45,12,24,2,3,2
6.22,7,5,2,2,2
6.91,2,77,3,1,0
7.28,12,24,7,0,2
7.15,14,24,0,5,2
6.29,1,8,0,0,2
6.99,12,24,3,5,2
6.3,11,23,2,6,2
6.3,12,23,1,0,2
7.0,3,23,2,1,2
7.37,37,25,1,1,2
6.03,4,15,15,0,2
7.36,26,25,12,5,2
6.48,1,50,0,1,2
6.3,26,3,2,1,2
6.34,12,24,2,0,2
6.07,12,24,17,5,2
7.08,52,24,19,0,2
7.77,24,24,7,3,2
8.23,24,24,13,2,2
6.82,1,6,3,1,2
6.98,50,25,1,0,2
6.81,25,25,1,0,2
6.59,1,101,1,1,0
6.73,3,30,20,2,2
6.76,51,24,1,0,2
7.09,1,91,0,1,0
7.76,15,24,1,1,2
7.48,5,46,0,1,2
8.07,39,25,1,4,2
7.65,26,25,0,0,2
7.08,1,102,0,1,0
7.83,1,95,0,1,0
6.98,1,95,0,1,0
6.77,1,95,0,1,0
6.84,1,77,0,1,0
6.06,1,4,7,1,2
5.59,1,29,0,0,2
5.92,1,44,0,0,2
6.94,47,25,0,0,2
6.79,1,70,17,0,0
7.14,49,24,0,0,2
5.68,1,30,0,2,2
6.81,4,67,0,0,0
5.53,1,30,17,5,2
6.1,2,50,0,6,2
5.91,1,51,4,1,2
6.91,12,23,1,4,2
8.06,1,90,18,5,0
7.07,6,32,0,0,2
7.59,50,24,1,0,2
5.82,28,12,0,0,2
7.05,3,16,1,0,2
6.89,3,45,0,1,2
6.03,10,2,2,8,2
6.8,12,24,0,1,2
6.21,2,55,0,1,0
7.7,1,107,1,8,0
6.57,13,23,0,0,2
6.44,3,25,0,5,2
7.22,13,24,3,1,2
4.21,2,50,16,1,2
7.16,1,94,8,0,0
7.06,1,97,8,0,0
7.15,1,100,8,0,0
8.09,51,25,3,1,2
6.52,1,15,0,0,2
7.53,74,25,10,1,2
6.47,13,25,2,0,2
6.72,1,10,2,1,2
6.43,1,30,1,5,2
7.05,1,79,2,0,0
8.66,27,24,0,0,2
7.56,26,23,0,0,2
8.01,25,25,2,1,2
5.73,2,30,20,2,2
6.56,1,23,0,1,2
7.06,20,8,0,1,2
7.55,49,24,1,1,2
7.38,1,89,0,1,0
7.41,26,24,0,1,2
6.11,1,16,2,2,2
6.78,1,55,13,1,0
6.09,4,30,0,0,2
8.12,25,24,0,0,2
7.58,52,24,0,1,2
6.44,4,29,4,0,2
7.24,26,24,1,0,2
6.52,13,24,0,5,2
6.68,13,24,0,0,2
8.06,24,24,2,1,2
7.15,43,24,1,1,2
7.44,61,23,2,1,2
6.37,47,23,19,0,2
6.6,1,65,0,1,0
7.13,52,24,2,0,2
7.12,12,24,0,0,2
6.06,2,28,0,5,2
6.68,2,23,0,1,2
6.01,5,29,0,1,2
5.47,1,47,4,1,2
5.48,1,42,0,0,2
6.2,6,24,2,1,2
6.47,1,86,0,0,0
6.4,1,50,0,0,2
6.38,1,1,0,0,2
6.29,1,57,0,0,0
6.23,3,50,0,0,2
5.78,2,45,0,0,2
6.01,4,30,0,0,2
6.25,3,46,0,0,2
6.39,51,25,1,1,2
7.98,148,24,13,1,2
7.06,1,95,13,4,0
5.86,4,30,1,4,2
5.67,1,30,19,5,2
6.23,2,30,0,1,2
6.52,35,25,0,0,2
6.73,6,30,0,0,2
5.89,1,31,3,1,2
5.92,3,53,1,5,2
6.77,2,27,0,1,2
7.43,1,95,15,1,0
6.31,1,54,4,1,2
6.29,1,59,4,1,0
5.53,1,30,22,1,2
6.14,2,30,1,1,2
6.18,1,55,3,1,0
7.75,26,24,2,1,2
6.56,26,23,11,2,2
6.6,26,24,10,0,2
7.35,1,90,0,1,0
7.14,51,24,0,5,2
7.06,25,25,0,5,2
7.59,26,24,14,1,2
7.23,38,24,0,0,2
7.3,128,24,0,1,2
7.14,13,30,0,1,2
7.11,1,80,0,0,0
6.55,50,24,0,0,2
7.36,13,24,3,0,2
7.02,25,24,0,1,2
6.7,2,26,2,4,2
7.06,1,26,2,4,2
7.13,2,30,20,2,2
6.39,2,30,20,2,2
6.41,51,25,1,5,2
7.82,3,33,0,1,2
5.89,2,30,17,2,2
6.26,4,30,3,1,2
8.12,78,24,1,8,2
7.23,26,24,2,6,2
7.98,1,111,0,1,0
6.32,52,24,0,0,2
6.9,13,23,10,0,2
7.92,24,24,0,1,2
7.95,25,25,2,1,2
6.65,13,23,0,1,2
5.97,3,25,0,0,2
8.09,26,25,1,0,2
6.79,12,13,7,3,2
8.07,23,24,2,2,2
6.33,6,24,1,5,2
7.48,1,105,1,1,0
7.02,1,84,0,0,0
5.83,2,27,0,2,2
6.12,6,30,20,0,2
6.21,1,70,0,0,0
6.89,23,24,0,0,2
6.82,1,105,0,5,0
7.39,26,25,13,1,2
6.46,1,30,1,1,2
5.73,2,30,3,2,2
5.7,3,30,0,2,2
6.71,1,3,0,0,2
7.62,61,25,3,1,2
6.87,26,24,10,0,2
7.41,12,23,0,1,2
5.13,1,40,18,1,2
7.16,243,25,4,1,2
7.28,52,25,7,8,2
6.85,50,24,1,0,2
8.2,1,98,1,5,0
6.48,1,7,2,1,2
7.53,3,30,3,1,2
6.1,12,23,22,0,2
8.42,12,22,13,0,2
6.87,1,11,0,0,2
5.49,1,74,0,0,0
8.42,13,24,0,4,2
6.45,39,25,0,1,2
7.26,92,25,0,1,2
7.22,50,24,8,0,2
6.65,38,25,0,0,2
6.79,51,24,2,1,2
6.82,2,30,1,5,2
7.09,1,94,1,1,0
6.39,1,44,10,0,2
7.31,3,95,0,0,0
7.81,1,94,0,0,0
6.86,1,7,9,1,2
6.39,24,5,1,0,2
5.62,1,30,2,0,2
6.31,39,25,1,0,2
7.02,49,24,0,6,2
6.08,26,25,5,1,2
6.56,26,23,1,0,2
6.67,1,1,1,0,2
6.07,3,33,0,1,2
5.82,6,30,0,0,2
7.28,4,90,0,0,0
6.22,2,28,0,2,2
5.52,13,25,6,2,2
6.19,1,44,2,0,2
7.68,1,72,1,8,0
7.84,7,49,0,1,2
6.34,3,28,0,0,2
7.08,26,25,0,0,2
6.14,1,45,0,0,2
7.11,52,28,1,5,2
6.59,1,45,1,5,2
7.13,52,22,0,1,2
5.71,1,45,0,1,2
5.39,2,30,20,2,2
7.15,1,50,16,1,2
7.03,1,57,16,1,0
6.46,1,45,16,1,2
7.23,51,24,0,0,2
5.47,12,24,0,5,2
5.0,25,8,11,5,2
6.42,12,24,2,6,2
7.06,24,24,13,4,2
6.06,3,30,20,2,2
7.24,13,23,0,6,2
6.77,100,24,0,5,2
5.36,52,25,1,0,2
7.28,1,30,1,0,2
8.28,79,25,0,1,2
6.82,12,24,2,1,2
6.89,11,23,0,1,2
7.47,26,23,1,4,2
6.69,2,30,20,2,2
5.78,2,30,20,1,2
6.12,2,30,4,1,2
8.31,1,103,0,0,0
6.15,1,50,0,1,2
6.19,1,73,0,1,0
7.13,1,90,1,1,0
7.0,1,91,1,1,0
6.87,6,30,20,2,2
6.98,3,30,20,2,2
6.3,2,30,20,2,2
8.1,1,160,0,1,0
7.72,1,89,2,1,0
7.71,31,24,0,1,2
5.53,3,27,0,7,2
6.64,6,13,2,1,2
5.81,4,34,8,4,2
6.17,1,26,2,0,2
6.08,1,42,22,1,2
7.7,1787,11,1,1,1
7.29,1,94,0,1,0
6.03,2,28,0,2,2
6.16,3,31,0,2,2
4.42,6,15,0,0,2
5.68,12,25,6,2,2
5.41,1,30,0,2,2
6.72,12,24,6,4,2
6.53,13,24,7,7,2
6.63,8,26,1,1,2
6.6,26,25,1,1,2
6.19,42,25,1,1,2
6.69,3,27,20,2,2
6.02,1,28,20,0,2
7.77,12,24,2,1,2
6.6,26,24,0,0,2
7.2,1,25,1,1,2
6.2,6,25,4,8,2
7.22,12,5,2,1,2
6.24,12,25,1,2,2
5.41,3,30,0,0,2
5.72,4,22,2,1,2
5.48,2,30,3,2,2
7.16,45,24,3,1,2
7.52,53,25,7,5,2
6.32,13,24,2,1,2
7.36,43,24,7,5,2
7.63,40,23,3,6,2
7.56,22,23,3,1,2
8.02,1,30,4,1,2
6.44,12,24,2,0,2
7.05,26,25,23,5,2
8.14,25,24,0,0,2
7.73,52,25,0,0,2
7.13,1,24,0,1,2
5.14,1,47,0,1,2
7.64,1,50,0,4,2
7.67,1,100,1,1,0
6.91,13,25,3,2,2
7.46,22,25,4,0,2
6.7,54,24,0,0,2
7.15,13,25,2,1,2
6.65,12,24,0,4,2
7.02,26,24,10,0,2
7.9,12,24,2,1,2
6.01,1,79,0,0,0
7.46,26,25,0,1,2
6.64,130,10,23,5,2
7.93,26,24,1,5,2
6.6,26,23,0,5,2
5.48,1,71,0,5,0
7.86,1,102,3,5,0
7.06,26,25,3,5,2
6.21,6,25,2,5,2
8.31,3,30,0,1,2
6.6,31,24,0,5,2
6.87,25,23,0,1,2
6.69,1,119,0,0,0
6.6,2,57,0,4,0
6.12,12,28,0,4,2
6.36,1,67,0,1,0
6.63,22,23,14,1,2
6.64,26,24,0,1,2
6.93,33,7,2,1,2
5.33,25,25,0,5,2
6.83,1,131,0,1,0
6.1,24,8,0,1,2
6.82,1,27,2,0,2
5.77,18,3,0,0,2
4.92,2,28,6,1,2
6.44,3,10,2,0,2
7.13,1,56,0,1,0
5.09,2,28,0,1,2
5.0,25,24,0,1,2
7.3,12,24,2,3,2
6.94,1,110,0,0,0
7.11,193,26,0,1,2
6.71,40,25,1,0,2
6.92,1,107,7,1,0
7.94,6,23,0,1,2
7.76,1,90,12,5,0
5.88,3,37,0,1,2
7.3,1,85,4,0,0
6.89,52,24,10,0,2
8.07,1,100,0,0,0
7.87,24,23,0,1,2
5.23,1,75,0,0,0
6.56,52,25,1,6,2
7.47,1,5,0,1,2
6.86,26,24,0,1,2
5.83,5,29,0,1,2
6.08,13,24,13,0,2
5.66,2,27,0,5,2
5.47,2,35,0,1,2
6.68,51,25,0,1,2
7.61,24,24,0,4,2
6.28,52,22,1,1,2
6.65,25,25,0,0,2
6.49,50,24,1,0,2
7.36,52,23,1,6,2
6.65,52,25,2,0,2
7.03,52,24,2,6,2
7.02,41,24,0,0,2
6.9,43,24,0,5,2
6.16,45,5,17,10,2
6.01,50,5,1,10,2
7.2,52,25,1,8,2
6.73,52,25,1,8,2
7.93,23,23,1,5,2
7.12,51,24,3,1,2
5.6,2,42,0,5,2
5.45,2,28,0,5,2
6.5,1,20,1,5,2
7.26,1,90,0,5,0
7.53,1,141,1,0,0
6.86,4,28,20,1,2
5.12,2,30,20,2,2
6.98,2,30,20,2,2
6.17,1,30,20,2,2
6.15,1,35,20,2,2
6.8,2,30,20,2,2
7.45,1,92,0,1,0
7.89,1,101,1,0,0
7.19,1,23,13,4,2
7.38,34,24,0,1,2
8.91,25,24,0,0,2
7.1,66,25,2,1,2
6.6,63,25,7,1,2
7.01,40,24,1,5,2
6.42,1,75,3,5,0
6.75,47,24,10,0,2
6.23,3,30,2,2,2
8.67,47,24,0,1,2
7.43,51,24,2,1,2
7.95,12,24,13,2,2
7.21,13,25,3,2,2
7.33,24,24,3,2,2
6.72,1,24,19,5,2
5.0,12,23,2,0,2
7.07,24,24,7,1,2
6.64,50,23,0,1,2
6.12,2,30,20,2,2
6.82,51,22,9,0,2
7.39,13,23,7,3,2
6.28,3,30,20,1,2
7.08,1,87,23,5,0
8.08,1,32,0,1,2
6.46,2,26,20,0,2
7.12,2,32,1,0,2
7.69,13,24,7,1,2
6.73,13,26,4,1,2
6.74,25,23,13,1,2
8.27,13,24,1,4,2
5.06,12,5,2,2,2
6.69,13,25,1,5,2
4.62,1,86,1,0,0
7.35,13,24,0,0,2
6.56,2,30,20,2,2
5.21,1,45,1,4,2
7.62,25,23,13,1,2
7.34,26,24,2,1,2
6.84,13,25,6,1,2
7.71,2,112,13,1,0
6.88,1,1,12,1,2
6.96,1,48,4,1,2
6.78,1,48,3,1,2
7.22,23,24,0,1,2
7.59,11,23,2,1,2
8.28,26,23,5,1,2
7.25,330,25,2,1,2
6.26,1,30,9,1,2
7.23,52,24,1,6,2
6.36,2,37,22,2,2
6.28,1,59,0,5,0
8.12,1,90,0,5,0
6.52,47,24,0,1,2
6.63,52,23,0,1,2
5.82,2,30,20,2,2
6.39,35,24,0,6,2
7.17,50,25,0,0,2
7.14,52,24,0,1,2
6.29,2,30,20,1,2
6.38,2,30,20,0,2
6.82,23,23,2,1,2
6.26,3,26,0,1,2
5.0,52,10,23,0,2
6.69,103,10,2,1,2
6.05,1,2,0,6,2
6.57,58,23,0,1,2
6.63,3,30,4,1,2
7.21,1,26,0,0,2
7.21,2,26,7,0,2
7.3,1,122,3,5,0
7.6,2,24,2,1,2
8.25,13,24,13,1,2
7.65,12,24,2,1,2
6.42,51,23,0,5,2
7.18,2,30,20,2,2
5.93,2,30,20,2,2
6.27,52,25,0,6,2
6.07,1,95,0,5,0
6.03,1,44,3,5,2
7.17,34,24,2,1,2
6.51,49,25,2,1,2
6.13,47,22,14,1,2
6.08,1,42,0,1,2
7.04,109,24,1,1,2
7.07,1,43,2,0,2
5.78,1,47,0,0,2
7.54,2,24,7,3,2
6.36,12,23,0,2,2
8.08,6,18,4,0,2
6.52,2,30,20,2,2
6.95,2,24,2,1,2
5.92,26,22,1,0,2
6.62,5,22,2,1,2
5.8,1,81,0,5,0
6.62,52,23,0,1,2
7.01,2,27,2,1,2
7.33,35,23,0,1,2
6.03,1,47,0,0,2
7.11,1,24,4,0,2
7.13,1,90,0,0,0
7.35,13,24,2,1,2
8.24,26,24,2,1,2
7.93,13,25,2,1,2
7.18,13,25,2,2,2
7.19,12,25,1,5,2
7.16,13,25,0,1,2
6.28,38,26,2,0,2
7.27,2,48,13,1,2
5.0,50,25,0,0,2
7.28,12,25,10,0,2
5.91,1,67,4,0,0
7.14,1,93,0,5,0
7.12,13,23,3,0,2
6.67,39,21,4,0,2
7.22,137,24,1,1,2
6.71,46,24,0,1,2
6.63,15,7,0,0,2
5.0,23,23,17,0,2
8.53,13,24,4,1,2
7.16,10,24,1,1,2
7.06,12,24,6,2,2
7.08,40,25,10,0,2
7.0,74,25,7,1,2
6.91,52,23,1,0,2
6.28,37,23,0,0,2
6.95,4,29,3,2,2
7.22,24,24,1,4,2
6.34,1,58,0,0,0
6.53,48,24,0,0,2
6.71,1,21,18,6,2
5.62,1,25,2,2,2
6.09,5,30,1,2,2
7.16,42,24,3,1,2
7.32,6,45,0,0,2
6.88,24,25,0,0,2
7.05,2,23,0,1,2
7.38,12,25,2,4,2
6.92,13,23,0,1,2
6.13,26,24,0,0,2
5.0,1,51,19,5,2
7.13,26,22,0,0,2
6.58,26,23,0,0,2
7.52,20,23,5,1,2
8.15,24,26,0,5,2
6.7,2,29,2,1,2
6.54,3,23,0,1,2
5.81,3,30,4,0,2
6.22,95,25,2,1,2
6.94,24,23,0,0,2
7.01,50,24,0,1,2
6.94,2,23,2,1,2
7.49,12,24,3,0,2
7.12,1,30,2,1,2
5.93,2,30,20,0,2
6.37,50,25,0,6,2
7.05,1,97,0,5,0
6.32,4,45,0,1,2
7.49,4,29,7,0,2
7.07,26,24,4,1,2
7.03,13,24,3,1,2
6.59,12,24,0,1,2
7.6,1,14,1,4,2
7.24,12,25,2,4,2
7.56,24,24,2,1,2
6.91,47,24,0,0,2
6.47,1,106,3,5,0
6.97,21,10,1,5,2
6.85,13,20,1,0,2
6.46,12,24,2,4,2
6.87,48,24,0,0,2
6.16,1,30,2,1,2
5.13,2,30,7,5,2
5.0,12,20,2,1,2
5.57,2,46,0,0,2
6.66,2,27,20,2,2
6.16,3,24,20,2,2
7.76,373,25,7,1,2
6.45,61,24,14,1,2
7.42,12,27,20,1,2
6.89,52,24,1,0,2
7.2,30,26,2,1,2
5.64,4,24,20,0,2
6.31,34,25,1,1,2
7.92,25,24,0,0,2
6.94,2,30,0,1,2
6.14,49,25,1,5,2
7.28,26,24,2,4,2
6.79,51,25,0,1,2
6.12,1,30,20,2,2
7.88,51,24,0,1,2
7.22,3,29,0,2,2
7.2,26,24,0,2,2
5.43,1,27,0,0,2
7.71,1,90,0,1,0
7.84,13,24,7,3,2
5.25,2,26,0,1,2
7.48,12,23,0,5,2
7.09,13,23,13,4,2
6.85,13,24,2,2,2
7.03,12,25,0,1,2
5.57,1,59,0,1,0
7.23,13,24,17,2,2
5.0,25,24,2,0,2
6.73,2,30,20,1,2
6.18,52,24,0,0,2
6.58,3,28,23,1,2
6.07,4,2,6,1,2
7.44,5,30,13,2,2
6.95,24,23,0,1,2
6.97,12,24,2,4,2
7.29,26,24,0,1,2
6.99,24,24,0,1,2
5.34,1,36,0,1,2
8.08,28,26,0,5,2
7.0,12,24,0,0,2
7.1,25,23,0,0,2
6.88,50,24,2,1,2
7.57,22,22,0,1,2
5.8,2,30,20,1,2
7.12,48,24,0,0,2
8.17,12,24,1,0,2
8.14,12,13,9,1,2
5.98,2,30,20,2,2
6.9,11,25,16,1,2
7.65,26,24,13,0,2
7.53,25,24,2,1,2
6.95,3,45,3,1,2
6.46,6,30,0,0,2
5.97,30,20,2,5,2
6.94,1,93,0,1,0
6.35,2,29,20,2,2
6.82,1,65,17,8,0
5.91,1,19,2,2,2
5.85,1,33,0,6,2
6.8,39,24,1,1,2
6.13,13,24,0,1,2
6.99,5,29,20,2,2
5.86,2,35,13,1,2
7.84,1,61,0,4,0
8.07,1,59,0,4,0
8.35,1,112,0,0,0
7.59,1,96,0,0,0
5.99,1,48,2,1,2
6.19,2,30,20,1,2
6.48,69,25,0,1,2
6.01,36,25,14,1,2
4.31,1,30,0,5,2
6.52,28,25,0,1,2
6.58,26,25,7,5,2
6.73,52,22,1,5,2
7.7,104,3,2,1,2
7.51,1,113,0,1,0
6.42,91,24,1,0,2
7.32,26,22,4,1,2
7.29,5,35,0,1,2
6.46,52,23,14,0,2
5.73,13,25,12,0,2
5.98,1,45,2,1,2
6.33,52,25,0,5,2
8.15,3,29,0,4,2
7.94,52,25,4,1,2
4.81,1,42,0,1,2
5.98,2,30,20,0,2
7.31,3,30,20,2,2
6.82,2,28,20,2,2
8.11,25,24,0,0,2
7.65,1,80,0,1,0
6.25,39,24,0,0,2
5.0,77,24,2,10,2
7.11,4,29,20,1,2
6.64,2,29,20,2,2
6.85,2,30,20,2,2
7.05,1,110,7,1,0
6.29,64,25,7,1,2
7.32,13,23,2,1,2
6.15,13,5,1,5,2
7.42,154,24,0,1,2
7.46,13,24,0,1,2
6.27,1,44,0,1,2
5.73,1,14,1,10,2
6.77,6,22,1,0,2
6.12,2,30,20,1,2
6.14,4,40,13,0,2
6.77,2,27,20,1,2
6.45,50,25,0,0,2
7.32,2,25,2,1,2
5.39,1,24,20,0,2
7.06,12,22,2,1,2
6.93,1,96,0,5,0
6.21,1,17,2,5,2
7.34,51,24,0,1,2
7.54,50,24,0,1,2
6.69,52,22,17,9,2
6.75,51,24,0,0,2
6.65,39,20,0,5,2
8.01,7,23,2,1,2
7.1,12,5,2,1,2
8.0,1,25,3,2,2
7.13,12,23,0,1,2
6.84,26,24,1,4,2
6.53,1,66,1,5,0
6.79,1,29,0,5,2
8.33,13,24,7,1,2
7.01,1,23,0,1,2
6.07,3,20,18,6,2
7.85,22,22,0,0,2
6.98,6,12,0,6,2
7.97,1,90,0,1,0
8.17,1,112,0,0,0
5.64,24,3,2,0,2
6.42,26,23,7,5,2
7.36,3,30,1,0,2
5.5,1,35,2,0,2
6.82,13,24,0,1,2
7.08,1,24,0,1,2
7.88,2,30,2,1,2
6.51,7,5,2,0,2
7.69,26,24,0,0,2
8.96,24,24,7,2,2
7.57,1,23,4,0,2
7.35,24,24,0,4,2
7.4,26,25,3,6,2
7.04,25,23,1,5,2
7.73,25,24,0,1,2
7.11,3,23,2,1,2
6.78,12,24,0,1,2
6.56,51,20,1,5,2
5.89,1,105,3,0,0
6.33,25,23,0,1,2
6.1,1,30,3,2,2
6.98,13,24,2,1,2
8.24,25,24,7,4,2
6.68,39,23,0,0,2
5.93,12,24,0,6,2
7.9,1,46,0,4,2
8.56,1,114,0,4,0
5.88,100,10,2,1,2
6.84,26,24,0,0,2
5.79,2,20,20,2,2
7.1,2,30,20,2,2
6.5,6,1,2,1,2
6.68,13,1,2,0,2
7.23,91,25,1,6,2
7.23,14,24,2,4,2
6.98,13,25,1,5,2
7.29,1,92,0,1,0
6.19,52,21,0,0,2
7.82,1,116,1,1,0
7.82,1,42,2,3,2
8.17,11,23,2,1,2
7.29,12,23,7,1,2
6.01,3,30,16,1,2
6.71,4,28,12,1,2
6.53,39,24,0,1,2
6.17,2,24,20,1,2
5.66,1,18,20,0,2
6.24,1,30,20,1,2
5.28,1,30,20,1,2
6.58,23,23,0,0,2
6.5,50,25,0,0,2
5.98,2,50,0,1,2
6.87,7,15,22,0,2
6.42,50,24,2,0,2
6.18,3,30,2,1,2
6.84,12,24,0,1,2
7.14,13,24,0,1,2
7.26,13,24,2,1,2
6.08,2,30,20,2,2
8.57,1,125,0,0,0
5.0,50,24,0,0,2
7.24,13,24,0,1,2
7.11,26,25,23,0,2
6.3,20,12,7,1,2
7.62,1,117,0,0,0
6.82,4,30,20,1,2
6.67,2,30,20,2,2
7.29,12,24,0,1,2
6.94,1,1,0,1,2
6.09,2,33,20,2,2
7.44,24,23,0,4,2
6.75,26,25,0,5,2
7.27,20,24,0,1,2
6.12,1,30,4,0,2
5.0,26,25,17,0,2
5.24,1,47,20,0,2
7.13,8,3,9,0,2
7.36,1,24,3,0,2
6.18,12,24,0,6,2
8.13,25,24,2,1,2
7.64,12,23,0,1,2
7.24,12,24,1,5,2
6.13,4,30,20,2,2
6.13,11,11,2,0,2
6.47,12,25,6,2,2
7.22,13,24,3,1,2
6.45,1,51,3,1,2
7.01,2,23,0,1,2
5.62,4,30,20,2,2
7.85,12,24,2,1,2
6.35,2,29,20,2,2
6.44,6,30,0,1,2
4.46,1,35,20,0,2
6.89,1,110,0,5,0
7.19,13,23,13,5,2
7.32,26,24,1,5,2
6.32,1,4,9,0,2
7.13,26,23,13,2,2
7.75,24,24,0,1,2
8.05,5,33,0,1,2
7.23,13,23,2,1,2
5.94,1,72,4,0,0
8.08,2,26,13,1,2
5.45,4,27,0,0,2
5.33,2,44,0,1,2
5.53,12,25,0,0,2
6.37,12,27,4,2,2
7.53,24,24,0,6,2
7.9,1,130,0,0,0
6.78,12,24,6,1,2
7.81,26,13,2,1,2
4.66,5,30,0,1,2
6.26,73,25,0,0,2
6.63,26,25,0,1,2
6.04,25,25,1,6,2
8.45,25,24,2,1,2
8.02,1,100,0,1,0
7.05,12,24,2,1,2
7.11,13,24,0,1,2
7.32,12,24,0,1,2
6.93,12,23,0,1,2
8.35,25,23,14,1,2
7.2,26,24,1,4,2
5.74,1,88,0,1,0
6.55,2,30,20,1,2
7.39,52,5,2,11,2
6.89,104,20,0,1,2
7.74,12,23,0,1,2
7.32,48,24,0,0,2
7.17,23,23,0,1,2
8.36,15,24,22,4,2
6.43,50,24,5,9,2
7.23,1,93,1,5,0
6.26,26,25,13,8,2
5.42,1,80,0,0,0
7.16,2,29,20,1,2
6.18,12,23,2,4,2
9.19,64,24,0,1,2
7.49,25,5,2,3,2
6.26,16,5,2,3,2
7.36,12,24,2,4,2
6.51,4,30,2,2,2
7.32,12,24,2,1,2
5.98,3,40,0,1,2
6.9,1,34,0,1,2
6.44,25,24,0,0,2
6.93,11,22,3,5,2
5.95,1,100,0,5,0
6.84,2,30,20,1,2
7.58,2,42,13,4,2
6.95,2,30,20,2,2
7.06,2,6,2,1,2
7.11,39,23,0,1,2
7.53,1,59,0,4,0
8.44,1,121,0,4,0
7.07,24,23,0,5,2
7.3,26,23,0,1,2
7.59,127,24,14,5,2
5.0,13,24,2,0,2
6.49,51,23,5,1,2
6.29,1,87,1,5,0
7.5,2,24,0,1,2
6.6,1,21,1,5,2
8.67,26,23,2,1,2
7.43,51,24,2,1,2
7.09,26,24,1,5,2
5.8,1,1,0,0,2
7.36,13,24,0,1,2
5.0,25,24,0,1,2
7.08,1,10,2,1,2
8.57,13,24,7,1,2
6.65,1,30,2,2,2
6.93,2,27,20,1,2
6.41,52,24,5,0,2
8.36,12,24,1,4,2
6.95,13,24,0,4,2
6.49,6,51,2,1,2
7.39,12,23,0,5,2
7.27,13,23,0,2,2
8.08,1,12,3,0,2
6.26,1,65,0,5,0
6.2,53,24,2,1,2
4.49,1,36,20,0,2
6.72,51,23,0,0,2
8.35,50,25,3,5,2
6.82,48,24,0,0,2
5.6,1,31,9,1,2
6.46,12,24,2,4,2
8.24,1,111,0,1,0
5.0,36,24,7,1,2
6.38,26,24,19,1,2
5.0,25,25,2,6,2
7.71,26,23,0,1,2
7.53,1,30,0,1,2
7.19,12,25,3,4,2
6.74,12,23,0,0,2
7.62,26,24,0,5,2
7.24,25,23,0,1,2
7.72,25,24,1,1,2
6.49,1,11,0,5,2
7.34,4,15,0,1,2
5.0,13,25,23,0,2
7.28,13,23,2,1,2
6.43,103,25,7,1,2
4.47,1,25,18,1,2
7.83,11,23,0,0,2
6.68,2,11,20,2,2
5.56,3,30,20,2,2
5.32,3,30,20,2,2
7.06,56,25,0,1,2
7.31,6,25,2,1,2
7.15,12,24,7,3,2
7.48,25,24,5,1,2
7.24,26,24,14,0,2
7.98,24,24,2,1,2
7.84,13,24,9,3,2
8.09,1,114,4,0,0
8.01,26,24,0,2,2
5.8,6,27,1,4,2
8.27,11,22,2,1,2
7.5,26,25,23,8,2
7.15,2,25,6,2,2
6.3,30,24,0,5,2
6.78,12,23,6,2,2
7.67,4,24,2,1,2
7.25,1,70,0,0,0
7.17,26,26,0,1,2
6.82,3,26,2,0,2
6.43,1,26,2,2,2
7.05,2,30,2,1,2
7.84,13,45,0,0,2
6.65,4,25,3,4,2
5.0,215,10,2,0,2
6.87,59,24,23,3,2
6.79,182,25,3,1,2
7.33,26,20,0,5,2
6.73,1,6,0,0,2
6.61,1,25,2,1,2
5.79,2,48,1,1,2
2.5,10,3,0,0,2
5.0,23,25,1,5,2
6.64,2,24,3,1,2
4.74,1,29,3,1,2
7.36,12,24,6,4,2
6.89,13,24,2,3,2
5.7,1,32,13,1,2
5.89,4,30,4,0,2
6.36,1,73,1,5,0
4.93,1,57,1,0,0
6.16,43,20,1,0,2
6.74,12,24,0,4,2
8.43,50,23,2,1,2
6.64,39,24,4,0,2
6.65,62,24,19,0,2
6.53,13,2,2,3,2
7.36,13,24,4,1,2
7.31,4,30,20,1,2
6.68,12,24,15,1,2
7.09,1,23,2,1,2
7.12,39,5,2,0,2
7.36,11,22,3,1,2
6.37,52,25,0,1,2
7.39,1,98,17,0,0
6.65,52,23,17,0,2
7.2,12,24,2,4,2
7.28,24,24,0,1,2
6.73,4,50,7,1,2
8.02,25,22,7,1,2
7.62,1,110,0,5,0
7.63,4,29,0,1,2
6.67,31,25,14,1,2
5.24,3,30,17,0,2
7.25,24,1,2,2,2
6.22,24,24,0,1,2
6.61,25,2,13,0,2
5.76,1,48,2,1,2
5.5,1,70,4,1,0
6.22,27,23,0,0,2
6.3,51,24,2,1,2
7.09,12,23,7,1,2
6.15,13,1,2,1,2
6.84,12,25,2,2,2
8.52,26,22,3,1,2
6.38,51,24,2,1,2
6.18,305,6,2,0,2
6.31,40,5,2,0,2
6.48,1,4,9,0,2
7.13,1,28,0,5,2
7.16,11,22,22,1,2
6.65,12,24,2,4,2
8.0,13,24,0,1,2
7.02,1,94,0,5,0
7.21,1,25,13,1,2
6.71,1,4,19,0,2
6.79,12,24,6,2,2
7.09,13,24,2,1,2
6.45,12,24,0,4,2
6.81,11,2,9,0,2
8.06,11,22,3,0,2
7.72,24,24,0,1,2
6.89,1,96,4,1,0
6.33,2,30,20,2,2
6.32,7,30,2,0,2
6.39,6,7,7,3,2
6.7,1,20,1,5,2
7.01,1,22,0,1,2
7.31,1,2,0,0,2
7.42,1,5,0,4,2
7.04,1,21,0,1,2
6.93,12,24,0,1,2
7.35,1,95,0,1,0
6.22,1,22,0,0,2
8.16,7,62,0,5,0
6.3,4,28,20,1,2
7.6,13,24,2,4,2
7.85,1,24,3,2,2
7.1,1,4,3,2,2
5.73,1,67,7,1,0
7.6,1,82,2,0,0
7.3,1,27,0,1,2
7.32,12,24,0,0,2
4.73,65,6,0,0,2
5.0,2,46,0,1,2
4.73,1,24,15,0,2
7.41,1,100,13,4,0
6.18,1,15,0,1,2
8.03,4,15,8,1,2
5.77,2,31,20,2,2
6.11,16,2,5,9,2
6.13,26,24,0,0,2
7.65,25,20,1,1,2
8.15,1,102,0,1,0
6.45,24,24,0,1,2
6.66,331,25,2,1,2
7.2,12,24,6,1,2
4.49,1,30,20,0,2
8.15,13,24,0,0,2
7.48,1,16,2,1,2
6.17,4,25,1,5,2
7.14,39,4,2,0,2
7.09,1,27,0,1,2
5.97,12,5,2,1,2
7.37,4,28,0,4,2
7.48,12,24,0,0,2
7.31,12,24,7,1,2
7.9,26,13,2,1,2
7.87,50,24,23,1,2
8.36,12,50,0,4,2
7.31,50,2,2,1,2
7.0,1,110,0,1,0
7.6,1,61,0,4,0
6.58,12,24,0,6,2
7.57,12,24,0,5,2
5.97,22,23,0,0,2
7.63,1,92,0,0,0
6.23,12,24,15,1,2
8.29,1,102,0,0,0
7.31,13,24,0,4,2
6.16,12,25,0,2,2
6.87,5,25,6,0,2
6.05,1,30,20,2,2
7.68,175,24,0,1,2
6.0,6,3,0,6,2
7.22,12,24,0,1,2
7.32,13,24,2,1,2
8.18,24,24,0,4,2
7.06,12,24,0,1,2
7.24,27,24,0,4,2
7.67,1,51,0,1,2
7.56,24,23,0,4,2
7.96,11,23,2,5,2
7.33,1,58,13,2,0
5.77,1,22,0,0,2
7.23,5,15,4,0,2
6.31,1,73,4,1,0
7.56,12,24,8,0,2
8.22,26,24,0,1,2
7.83,1,23,2,3,2
7.04,9,16,0,5,2
6.54,1,20,1,5,2
7.22,12,24,0,1,2
7.37,9,4,2,1,2
6.13,29,25,1,6,2
6.83,52,25,12,5,2
6.9,1,106,1,1,0
6.37,12,23,0,6,2
7.41,1,100,0,2,0
7.62,1,123,13,0,0
6.08,1,28,2,3,2
6.94,3,8,2,1,2
7.13,1,49,5,1,2
7.7,13,24,2,3,2
6.88,13,23,0,0,2
7.07,13,24,4,0,2
6.31,12,24,1,2,2
7.27,23,19,16,10,2
5.0,21,25,5,1,2
7.75,3,24,7,3,2
5.99,1,21,15,1,2
7.14,1,99,1,1,0
7.0,1,111,3,1,0
6.8,9,3,2,5,2
7.06,3,29,20,2,2
8.06,26,24,2,1,2
7.12,1,52,0,6,2
5.25,1,5,4,0,2
7.93,12,24,7,3,2
6.34,12,24,0,2,2
7.02,44,23,0,5,2
6.62,25,21,2,1,2
6.89,12,23,0,4,2
6.52,13,23,17,0,2
5.55,1,35,20,1,2
6.78,1,84,1,1,0
6.64,12,24,6,4,2
7.01,50,23,19,0,2
5.1,1,27,20,1,2
6.16,1,31,2,1,2
6.46,26,3,23,8,2
7.74,12,23,3,5,2
5.96,52,5,0,0,2
5.62,2,27,20,2,2
8.65,1,162,2,4,0
6.21,39,24,0,0,2
7.15,1,80,2,11,0
7.97,4,24,0,0,2
6.52,1,25,3,6,2
6.72,1,8,17,2,2
7.48,3,29,6,2,2
6.1,12,2,2,9,2
8.05,1,106,4,0,0
8.52,1,95,0,1,0
6.57,2,23,0,1,2
6.07,1,29,0,5,2
5.7,12,3,2,3,2
6.78,12,24,0,1,2
6.11,2,30,20,2,2
7.82,12,23,13,1,2
6.72,13,24,2,4,2
6.56,1,37,2,3,2
7.65,24,24,0,1,2
6.71,12,24,6,1,2
6.29,9,2,2,4,2
6.16,1,35,2,1,2
6.3,1,98,4,5,0
5.85,1,31,20,0,2
7.59,13,24,2,1,2
5.0,24,23,1,5,2
6.36,37,39,7,0,2
7.6,13,24,2,1,2
8.38,25,24,2,1,2
7.58,26,24,14,1,2
7.35,13,24,13,5,2
6.91,1,15,2,4,2
8.23,25,24,2,1,2
6.89,1,96,0,5,0
6.14,26,11,6,2,2
8.04,13,24,2,1,2
7.79,22,22,16,1,2
6.96,1,3,0,1,2
6.06,1,23,15,2,2
6.18,6,3,0,6,2
7.05,12,5,2,1,2
6.94,12,24,13,0,2
7.22,12,24,2,4,2
6.11,25,4,7,0,2
6.7,1,25,2,2,2
8.61,11,23,13,5,2
8.15,26,24,2,3,2
6.94,12,24,2,3,2
5.63,1,1,17,1,2
7.43,1,24,4,1,2
5.73,50,23,0,1,2
5.78,1,72,1,8,0
4.43,1,49,15,0,2
7.51,16,2,17,3,2
5.59,2,24,2,5,2
7.01,2,30,20,2,2
7.02,12,25,1,2,2
7.96,2,21,2,1,2
5.0,50,30,0,0,2
7.15,12,24,0,1,2
6.84,2,29,0,4,2
7.6,24,24,0,4,2
7.39,1,90,0,0,0
7.48,1,70,0,5,0
6.53,2,26,2,1,2
7.35,1,136,1,0,0
6.58,151,25,2,1,2
8.13,11,22,7,1,2
5.91,1,13,0,0,2
7.13,1,70,0,0,0
7.83,1,127,3,5,0
5.0,26,10,2,8,2
7.55,2,24,8,0,2
7.0,51,24,19,5,2
6.11,1,25,0,5,2
6.33,51,25,0,0,2
6.12,23,24,14,1,2
7.38,52,24,17,0,2
6.66,1,3,22,0,2
7.06,65,25,1,8,2
5.89,13,23,5,6,2
7.42,1,85,0,1,0
6.83,12,24,0,4,2
6.34,51,12,0,0,2
7.78,25,20,1,1,2
6.19,1,30,2,1,2
5.0,13,2,2,11,2
6.89,1,93,0,3,0
6.7,1,110,7,1,0
7.17,1,88,0,1,0
7.02,1,97,0,1,0
6.66,1,93,2,1,0
7.32,1,100,4,1,0
7.55,12,23,2,1,2
7.9,2,23,0,4,2
5.94,30,5,2,0,2
6.81,1,3,2,1,2
7.12,12,23,6,4,2
8.1,24,24,13,4,2
7.74,11,23,3,1,2
6.44,2,5,1,5,2
6.83,7,3,2,1,2
6.28,12,24,0,2,2
6.26,1,85,3,5,0
6.58,6,29,0,6,2
7.41,3,28,0,1,2
7.06,1,75,3,1,0
7.47,13,24,12,1,2
7.57,48,5,2,11,2
7.34,3,24,3,4,2
6.52,1,98,0,0,0
5.84,1,25,2,1,2
7.75,1,51,0,1,2
7.76,13,24,2,4,2
7.73,12,23,2,1,2
6.73,12,24,2,2,2
6.21,51,24,2,1,2
6.49,25,25,3,1,2
6.07,1,25,2,1,2
5.5,1,67,12,5,0
7.46,12,24,2,1,2
6.09,2,25,22,1,2
6.13,1,89,1,8,0
6.73,30,25,0,0,2
6.88,12,24,0,4,2
7.11,2,29,2,1,2
6.59,1,22,15,2,2
6.41,2,30,20,2,2
5.7,1,15,0,5,2
7.6,13,24,2,3,2
7.36,25,24,7,2,2
5.0,52,25,11,0,2
6.59,9,6,2,2,2
7.44,12,24,7,1,2
5.88,1,56,0,0,0
5.99,77,24,2,1,2
6.01,36,8,2,1,2
7.33,1,22,22,1,2
7.1,12,24,7,4,2
7.73,13,23,0,0,2
6.87,3,23,0,0,2
6.02,28,19,1,0,2
6.29,26,2,2,0,2
5.0,37,25,2,3,2
5.0,25,25,2,3,2
6.33,1,23,0,0,2
7.43,12,24,0,4,2
6.21,1,90,2,1,0
6.2,1,90,2,1,0
5.97,4,30,17,0,2
7.4,1,22,7,1,2
6.26,12,25,3,2,2
6.94,2,30,2,1,2
7.41,1,51,0,0,2
7.15,1,7,23,1,2
7.26,12,25,0,4,2
7.17,26,24,4,4,2
7.23,25,25,0,0,2
7.61,24,23,0,4,2
6.23,12,1,2,3,2
6.68,3,30,20,2,2
7.66,1,99,1,4,0
6.18,1,8,23,0,2
7.0,50,2,2,1,2
5.0,22,25,2,1,2
6.75,12,24,0,4,2
7.48,1,34,0,1,2
7.15,4,18,7,0,2
7.62,2,27,0,0,2
7.75,13,23,2,1,2
6.44,1,67,1,5,0
6.4,84,22,0,5,2
7.3,1,30,0,1,2
8.11,13,24,0,1,2
7.32,1,110,0,1,0
7.48,6,25,17,1,2
7.34,12,24,4,1,2
6.42,1,23,0,1,2
8.02,1,90,0,10,0
6.55,4,4,2,0,2
7.25,26,23,0,5,2
7.81,1,47,0,1,2
9.11,24,24,4,2,2
8.4,1,64,0,4,0
7.95,26,24,7,0,2
6.96,11,23,1,0,2
5.57,1,30,1,1,2
6.7,12,23,0,4,2
6.95,13,24,0,1,2
7.18,3,26,0,0,2
6.4,1,25,2,0,2
6.68,4,14,2,1,2
7.08,50,24,5,9,2
7.14,1,93,9,1,0
5.04,1,30,0,0,2
6.64,6,3,15,4,2
6.91,12,24,0,1,2
7.18,12,24,4,4,2
6.94,2,28,20,2,2
7.6,13,24,7,1,2
7.87,1,49,0,1,2
7.62,2,29,2,4,2
6.48,13,24,0,1,2
4.67,1,26,0,0,2
6.53,12,24,0,1,2
5.52,3,55,7,1,2
5.1,1,16,2,2,2
4.8,1,31,21,1,2
7.71,8,24,7,1,2
7.91,60,24,0,1,2
6.64,1,16,2,1,2
5.0,38,24,0,0,2
6.24,1,39,2,1,2
7.04,65,24,0,0,2
7.21,1,97,0,5,0
5.64,12,30,2,3,2
7.83,2,24,7,3,2
6.15,12,23,6,1,2
6.31,1,30,20,2,2
6.26,11,4,2,4,2
8.33,1,110,9,3,0
6.79,1,28,2,4,2
5.51,6,2,5,5,2
8.01,12,23,7,1,2
6.92,10,24,3,5,2
6.99,12,23,2,1,2
5.97,2,30,20,2,2
6.43,1,22,20,2,2
7.84,1,47,0,1,2
7.84,1,23,2,0,2
6.59,12,23,2,1,2
6.36,13,22,0,0,2
7.61,1,93,0,5,0
6.6,12,25,2,4,2
7.61,1,97,0,0,0
6.58,4,5,7,1,2
8.38,12,24,21,0,2
7.58,1,116,1,0,0
6.59,1,23,2,3,2
6.96,12,24,2,3,2
5.0,20,30,0,0,2
6.16,1,24,13,0,2
6.48,1,52,1,10,2
7.62,1,96,2,1,0
7.45,13,24,4,1,2
5.46,2,30,20,2,2
5.0,1,43,1,0,2
8.25,77,24,2,1,2
7.24,1,10,2,11,2
6.7,86,24,2,1,2
6.46,56,25,2,1,2
6.19,2,29,20,2,2
7.09,1,5,9,9,2
6.15,4,6,19,0,2
6.36,46,25,14,1,2
7.59,25,24,0,1,2
6.7,12,24,2,2,2
7.24,1,24,7,2,2
7.79,12,23,2,1,2
7.73,1,6,9,9,2
6.64,12,23,7,1,2
6.41,12,25,0,1,2
7.44,12,23,7,1,2
5.91,1,29,3,0,2
7.94,25,24,0,0,2
7.17,1,69,6,1,0
8.03,1,109,1,1,0
9.08,51,24,0,1,2
7.47,1,71,0,0,0
7.2,25,25,0,0,2
8.42,11,22,7,0,2
7.99,39,25,12,1,2
7.89,12,14,2,1,2
6.34,73,24,0,1,2
6.59,1,24,2,0,2
7.42,4,28,7,4,2
7.85,1,95,12,1,0
8.4,25,24,2,1,2
7.56,147,23,0,1,2
8.0,24,23,0,1,2
7.49,1,2,11,0,2
6.5,2,23,0,4,2
6.78,12,25,2,2,2
7.94,12,23,2,1,2
7.81,2,23,13,4,2
8.34,13,28,0,4,2
5.08,2,45,0,5,2
6.84,16,13,2,4,2
6.52,12,24,2,1,2
7.31,13,24,6,4,2
6.82,1,108,2,1,0
7.79,8,26,2,3,2
8.18,1,150,0,0,0
6.96,13,24,0,0,2
7.58,11,23,0,5,2
8.43,11,22,7,1,2
7.25,11,22,0,0,2
8.48,26,23,7,1,2
7.41,4,25,7,5,2
6.31,2,15,12,1,2
6.45,1,30,15,4,2
6.22,1,18,0,0,2
7.76,1,76,0,1,0
6.08,26,24,0,0,2
7.31,12,24,7,0,2
5.57,2,8,2,1,2
7.58,1,105,1,0,0
6.56,2,43,0,5,2
5.0,1,24,1,0,2
8.25,26,24,5,1,2
7.63,25,24,9,5,2
7.37,1,48,0,0,2
7.1,13,25,6,2,2
6.47,12,3,2,3,2
7.22,1,47,0,1,2
7.09,21,24,0,0,2
6.29,1,87,0,0,0
6.8,13,2,4,0,2
6.02,25,2,23,6,2
7.78,12,23,2,4,2
6.52,52,25,17,0,2
5.25,3,22,0,6,2
7.04,13,24,0,1,2
7.51,12,24,2,1,2
8.6,13,24,7,1,2
7.63,1,2,11,0,2
6.41,3,3,5,0,2
5.64,6,30,1,1,2
7.28,12,24,0,4,2
7.11,12,24,6,2,2
5.11,1,30,2,3,2
8.38,1,45,3,1,2
5.45,1,70,16,1,0
7.12,2,28,20,1,2
5.74,1,114,14,1,0
7.16,24,25,0,0,2
7.14,26,24,0,0,2
7.1,13,24,0,4,2
7.7,13,24,2,1,2
7.38,10,24,6,4,2
6.22,12,24,0,1,2
7.37,16,2,0,0,2
6.22,1,45,7,1,2
6.56,12,23,0,1,2
6.54,4,29,13,0,2
7.6,12,23,7,1,2
7.53,4,5,2,11,2
6.98,47,24,14,5,2
5.48,6,5,7,0,2
7.87,13,24,2,3,2
5.8,24,21,2,0,2
5.86,1,30,0,9,2
6.61,4,30,20,2,2
6.49,25,46,0,1,2
7.54,12,26,13,4,2
6.84,12,24,2,4,2
7.54,4,22,14,1,2
6.66,12,24,0,4,2
7.52,25,25,4,5,2
7.46,1,102,0,1,0
6.82,1,24,0,4,2
6.22,24,25,2,1,2
6.5,12,24,2,4,2
7.54,26,23,0,1,2
7.37,1,64,0,5,0
7.27,1,31,0,1,2
7.1,10,1,0,1,2
6.53,13,3,2,3,2
7.2,1,110,0,0,0
7.16,1,14,0,1,2
6.97,1,100,1,8,0
5.0,25,25,7,1,2
7.26,12,2,2,1,2
7.39,1,48,0,0,2
7.49,1,48,0,0,2
7.6,1,48,0,0,2
7.56,1,48,0,0,2
7.64,1,48,0,0,2
7.27,12,24,15,4,2
7.98,24,24,13,0,2
6.49,1,99,2,0,0
6.13,2,30,20,1,2
7.47,1,87,0,1,0
6.97,11,2,2,3,2
6.63,1,96,1,5,0
5.6,1,30,20,2,2
6.51,3,26,20,2,2
7.56,10,24,0,4,2
7.52,22,24,0,0,2
6.92,1,26,0,4,2
7.4,11,24,13,5,2
8.23,25,22,3,1,2
5.47,7,6,2,1,2
7.35,1,23,7,1,2
7.32,1,24,2,1,2
6.49,49,24,0,0,2
6.97,4,4,2,1,2
5.24,4,3,2,1,2
8.34,1,24,4,2,2
6.08,52,25,5,0,2
7.33,12,24,5,1,2
5.0,26,25,7,1,2
6.75,1,11,7,4,2
7.32,1,30,4,0,2
6.98,1,25,2,9,2
6.36,2,21,0,6,2
7.63,2,23,3,1,2
6.68,1,27,2,1,2
8.36,6,71,0,1,0
5.0,51,5,2,1,2
7.41,1,90,14,5,0
7.8,1,105,0,5,0
6.02,2,30,15,1,2
7.46,12,24,2,1,2
6.18,50,24,5,9,2
7.11,24,24,0,2,2
6.58,2,30,20,0,2
7.25,1,5,9,9,2
9.1,148,23,0,1,2
6.8,2,30,20,2,2
6.87,13,24,2,3,2
7.55,12,24,13,4,2
7.97,12,24,2,1,2
7.69,4,25,3,1,2
7.33,12,23,2,4,2
5.0,104,5,1,1,2
6.64,2,24,0,1,2
6.92,12,23,0,0,2
7.44,13,24,7,2,2
7.79,2,24,7,3,2
7.94,12,24,7,3,2
6.8,12,24,0,1,2
7.31,1,24,0,1,2
6.85,8,23,0,6,2
7.23,2,24,3,1,2
7.52,12,24,1,4,2
7.12,2,25,2,3,2
7.22,12,24,13,0,2
7.56,13,23,0,1,2
7.14,1,110,0,5,0
6.45,25,25,0,0,2
7.49,12,23,2,0,2
7.11,2,46,0,1,2
6.22,1,45,2,1,2
6.76,75,5,17,1,2
6.54,2,30,20,2,2
6.69,13,3,2,3,2
5.0,26,25,2,5,2
7.36,12,24,2,1,2
6.03,1,12,10,0,2
5.0,51,22,1,5,2
8.5,1,90,4,2,0
8.18,11,24,13,4,2
6.68,13,3,2,3,2
7.4,12,24,2,4,2
7.33,10,24,0,1,2
8.67,13,24,7,1,2
6.03,1,18,3,8,2
7.22,37,25,2,1,2
6.8,13,24,0,1,2
7.64,1,88,0,1,0
7.98,13,24,2,1,2
8.59,12,24,0,4,2
7.5,1,90,0,0,0
6.72,2,30,20,2,2
7.03,13,23,0,0,2
6.53,1,103,0,1,0
7.25,25,23,0,4,2
7.32,24,24,0,4,2
7.07,12,24,0,1,2
5.81,12,23,0,1,2
6.2,12,6,2,1,2
8.15,25,24,2,1,2
7.09,13,23,0,0,2
7.07,12,24,4,4,2
6.74,2,27,20,0,2
6.89,13,24,0,1,2
8.28,12,24,7,11,2
6.32,12,24,0,6,2
4.72,1,26,3,1,2
7.82,13,24,7,4,2
7.47,1,24,9,5,2
7.46,12,24,2,4,2
8.23,1,130,21,0,0
8.39,1,109,3,0,0
8.44,1,116,13,0,0
6.55,2,17,20,2,2
7.44,1,93,0,0,0
7.68,52,3,7,3,2
8.37,26,25,0,0,2
8.04,38,25,0,1,2
5.0,45,25,2,1,2
7.41,1,86,0,1,0
7.45,1,68,0,5,0
6.71,2,17,20,1,2
5.68,2,20,20,1,2
5.55,4,27,0,0,2
6.09,2,20,0,6,2
7.34,1,25,0,1,2
8.11,1,23,2,1,2
7.92,1,92,0,1,0
8.21,1,110,0,1,0
7.02,12,24,7,0,2
6.3,13,3,7,3,2
5.79,1,29,7,5,2
7.39,13,23,9,0,2
5.74,5,4,0,1,2
7.09,12,25,3,2,2
5.0,52,15,2,10,2
7.48,1,20,2,1,2
8.14,22,25,13,5,2
6.74,48,24,0,0,2
7.11,1,73,17,0,0
6.92,1,8,2,2,2
6.99,12,24,0,0,2
7.51,12,25,7,3,2
7.05,13,24,2,4,2
6.51,10,24,0,1,2
7.02,3,24,2,1,2
6.66,5,27,0,4,2
6.56,5,27,0,4,2
8.64,1,117,17,0,0
8.58,25,24,2,1,2
6.15,12,24,0,5,2
5.0,34,24,2,1,2
5.6,1818,5,7,0,1
7.85,12,23,7,1,2
7.85,12,24,0,1,2
8.52,99,24,2,1,2
6.5,1,28,2,1,2
7.86,12,23,16,1,2
6.11,6,9,2,4,2
6.74,13,24,17,2,2
7.25,13,24,22,1,2
6.7,24,24,0,1,2
8.05,1,99,1,0,0
6.64,25,3,13,0,2
5.79,12,3,13,0,2
7.55,13,24,0,4,2
8.36,12,22,3,1,2
6.64,12,25,2,4,2
6.73,1,12,0,0,2
6.13,1,29,2,1,2
5.21,1,14,3,1,2
6.44,26,24,17,5,2
7.21,1,6,9,9,2
6.44,1,71,0,5,0
6.11,6,24,0,0,2
7.49,13,24,7,1,2
6.15,1,23,10,0,2
7.25,13,25,2,2,2
6.51,7,30,0,5,2
7.3,2,23,2,4,2
7.29,25,25,0,0,2
5.68,4,15,16,5,2
6.77,1,49,2,1,2
7.94,50,24,7,1,2
6.67,1,150,0,0,0
8.18,1,107,0,1,0
7.24,39,25,14,5,2
7.18,1,24,0,4,2
7.7,12,23,2,0,2
7.62,1,93,1,8,0
6.45,2,3,2,3,2
6.28,97,23,0,1,2
5.62,12,30,0,0,2
6.66,52,24,17,0,2
6.04,1,63,17,0,0
6.28,12,24,0,2,2
7.14,51,24,0,1,2
6.76,26,23,1,8,2
6.51,1,51,1,1,2
7.25,2,24,2,1,2
7.12,6,20,20,1,2
7.67,1,95,0,2,0
8.35,25,22,3,5,2
6.5,25,5,2,0,2
5.77,26,1,2,1,2
6.84,39,24,0,0,2
6.49,60,7,2,5,2
6.89,12,24,0,4,2
7.0,258,24,12,6,2
7.07,2,24,0,4,2
7.78,13,23,0,1,2
6.27,1,106,7,5,0
6.35,1,26,20,1,2
5.62,1,30,19,0,2
6.67,6,15,2,0,2
7.49,3,24,7,1,2
7.24,1,97,0,1,0
6.44,4,15,7,0,2
6.8,2,13,2,5,2
5.65,1,46,2,4,2
5.79,1,30,17,0,2
7.94,12,24,0,1,2
7.32,13,24,9,0,2
7.36,1,110,0,8,0
7.48,13,24,2,1,2
7.27,6,4,15,4,2
6.6,12,24,2,4,2
6.87,13,3,2,3,2
7.38,1,103,0,0,0
7.6,1,24,2,1,2
7.22,11,23,2,1,2
6.94,1,14,0,0,2
7.73,13,23,2,1,2
5.0,56,25,7,0,2
7.0,11,1,2,3,2
7.29,11,23,11,1,2
7.5,1,30,4,5,2
6.87,2,30,20,1,2
7.35,22,23,4,2,2
8.38,22,23,0,0,2
5.91,1,26,20,0,2
7.52,26,24,7,2,2
7.05,13,24,2,4,2
7.51,12,23,2,1,2
7.67,1,109,0,1,0
6.21,7,3,2,1,2
6.81,1,43,7,0,2
8.19,24,23,7,4,2
7.8,2,22,2,1,2
6.64,1,18,22,1,2
5.04,1,11,0,1,2
6.24,2,28,0,1,2
6.12,6,4,15,6,2
6.68,2,30,20,2,2
6.29,2,57,4,0,0
5.86,13,3,2,1,2
6.22,10,24,2,1,2
7.99,24,24,0,1,2
6.41,24,22,0,5,2
7.55,12,24,0,0,2
6.44,2,51,12,2,2
7.89,1,66,2,0,0
5.62,1,30,17,1,2
6.53,12,24,2,4,2
7.55,13,24,7,1,2
7.34,1,90,1,5,0
6.26,26,3,2,3,2
6.46,12,24,0,0,2
7.49,13,24,3,1,2
7.0,1,106,22,5,0
7.39,12,24,0,1,2
7.85,1,26,1,0,2
6.82,12,3,1,1,2
8.43,25,22,3,1,2
7.59,1,98,0,5,0
7.51,13,24,0,0,2
8.07,25,24,0,1,2
6.68,12,24,2,4,2
7.46,12,24,0,1,2
5.27,12,5,2,0,2
7.42,1,25,2,1,2
6.23,6,3,2,0,2
6.8,2,3,2,3,2
6.7,1,89,0,8,0
7.23,13,24,17,2,2
6.51,2,24,2,9,2
7.05,12,24,2,1,2
7.49,1,83,11,4,0
8.04,13,24,2,1,2
8.06,26,24,0,1,2
7.77,12,24,7,4,2
7.06,13,23,2,4,2
7.01,26,24,3,1,2
7.36,6,23,2,11,2
7.21,25,24,0,5,2
8.03,1,90,3,4,0
7.35,12,23,2,4,2
8.07,13,24,7,4,2
7.14,1,93,4,4,0
6.58,13,23,15,2,2
7.11,10,24,0,1,2
7.31,12,23,1,4,2
6.3,1,31,0,1,2
6.34,1,26,2,1,2
6.7,1,24,2,4,2
6.58,29,25,5,9,2
6.58,12,24,17,5,2
7.66,13,23,9,0,2
7.31,1,6,9,9,2
7.4,12,24,6,4,2
6.42,51,25,0,5,2
7.16,2,26,6,1,2
6.68,20,3,2,1,2
6.58,4,29,13,2,2
7.95,1,99,7,0,0
6.0,13,3,2,0,2
5.22,8,3,2,1,2
7.44,13,23,9,6,2
8.08,14,27,0,1,2
7.38,178,24,9,0,2
6.07,12,23,6,2,2
7.3,12,23,0,1,2
5.0,5,4,23,0,2
7.72,2,23,2,1,2
6.33,12,24,0,5,2
6.61,12,2,2,1,2
5.78,3,23,0,1,2
7.54,20,5,2,11,2
7.54,1,59,0,0,0
7.33,1,59,0,0,0
7.27,1,59,0,0,0
7.24,12,24,6,4,2
8.24,1,156,12,1,0
6.49,1,26,9,2,2
6.23,12,4,7,11,2
7.56,10,23,0,4,2
8.15,1,106,0,1,0
6.48,1,24,2,4,2
8.96,1,110,0,1,0
7.17,5,10,0,0,2
6.77,12,24,0,4,2
7.23,12,23,2,3,2
6.79,1,23,22,2,2
9.04,13,24,0,1,2
7.49,1,26,0,4,2
7.54,12,24,0,4,2
6.85,73,23,0,1,2
4.87,9,2,9,0,2
7.22,12,23,4,4,2
6.13,12,24,6,5,2
6.76,1,24,6,4,2
7.17,59,24,0,0,2
7.44,13,24,0,1,2
7.28,25,25,0,0,2
7.98,4,24,2,4,2
7.28,12,24,4,4,2
7.21,2,25,2,1,2
7.55,12,24,2,0,2
7.35,13,4,0,11,2
7.84,1,89,2,1,0
7.46,13,23,0,0,2
7.83,13,24,2,4,2
7.45,1,100,17,1,0
5.0,1,55,1,5,0
6.22,1,88,0,6,0
7.36,24,23,0,1,2
6.72,7,3,0,4,2
6.16,12,23,4,0,2
6.72,3,1,22,1,2
7.38,12,23,7,3,2
5.0,33,25,1,1,2
7.37,1,26,2,1,2
6.85,1,27,0,1,2
6.36,4,55,0,1,2
6.1,10,40,7,0,2
7.56,4,30,5,1,2
8.01,4,27,2,4,2
7.53,12,24,0,0,2
7.35,12,23,1,4,2
7.53,24,23,0,4,2
7.14,13,24,0,1,2
8.06,24,24,0,1,2
7.1,12,24,2,4,2
8.09,26,23,3,0,2
6.18,9,11,2,4,2
7.42,13,24,5,1,2
7.15,1,24,1,1,2
6.99,12,24,0,5,2
5.84,13,3,2,3,2
6.63,2,23,8,0,2
7.15,13,24,21,1,2
6.16,12,23,12,6,2
5.5,1,50,13,5,2
5.0,23,24,2,1,2
7.36,13,24,2,1,2
6.72,13,24,0,1,2
6.06,4,24,0,6,2
5.82,1,28,17,0,2
6.97,12,23,0,0,2
5.27,4,8,4,0,2
5.0,50,25,2,1,2
7.95,1,27,2,1,2
6.22,13,23,15,2,2
5.79,12,3,2,0,2
7.38,12,23,7,0,2
6.59,49,24,0,0,2
3.47,1,5,2,11,2
7.13,1,71,0,0,0
7.2,2,5,0,1,2
7.13,1,31,20,2,2
7.22,2,28,20,1,2
8.48,25,24,0,1,2
6.07,5,4,2,1,2
6.89,13,24,0,5,2
6.5,12,24,1,1,2
7.5,13,23,0,0,2
7.48,1,1,4,0,2
7.29,13,24,13,5,2
6.2,8,1,2,1,2
5.79,3,40,0,1,2
8.12,1,126,3,1,0
7.17,12,24,0,0,2
7.27,1,24,2,1,2
7.24,1,52,13,2,2
8.08,12,24,6,1,2
7.26,12,24,7,3,2
7.04,12,24,7,11,2
7.28,13,3,0,0,2
8.05,1,46,7,0,2
7.76,1,112,0,1,0
7.06,12,24,13,1,2
8.28,25,24,2,1,2
7.7,1,73,0,0,0
5.0,102,3,2,10,2
6.97,13,13,7,1,2
7.87,1,25,14,1,2
8.11,11,23,2,1,2
6.73,1,11,2,2,2
7.51,1,24,2,4,2
7.05,12,24,2,1,2
6.16,2,30,20,1,2
6.24,1,6,0,0,2
8.78,26,24,13,4,2
7.39,13,24,0,0,2
6.69,12,4,2,3,2
6.91,1,96,1,1,0
6.68,14,22,0,5,2
7.39,1,6,3,0,2
6.5,1,55,2,1,0
7.47,1,58,4,1,0
5.78,1,2,23,0,2
5.0,22,25,2,1,2
7.15,12,23,0,4,2
7.52,51,21,7,5,2
8.0,25,25,0,4,2
5.8,12,12,13,0,2
7.38,1,115,0,1,0
6.74,1,5,2,1,2
5.93,1,9,2,1,2
6.78,1,71,17,0,0
5.8,3,14,20,0,2
8.39,39,25,0,1,2
6.75,10,1,22,1,2
7.6,1,121,9,5,0
6.54,2,27,20,1,2
6.7,52,24,17,0,2
7.35,26,23,0,1,2
5.3,12,15,6,2,2
7.34,1,12,17,1,2
6.41,1,26,20,2,2
7.95,12,24,2,1,2
5.0,2,30,16,1,2
7.37,1,24,4,4,2
6.42,13,24,19,0,2
6.31,13,20,17,5,2
5.98,13,3,2,0,2
7.55,13,23,3,2,2
6.59,12,2,2,11,2
8.1,2,23,7,3,2
6.94,12,20,7,1,2
6.76,1,23,1,5,2
5.0,4,7,2,1,2
5.0,4,6,2,1,2
6.27,12,23,2,1,2
6.32,1,30,4,0,2
5.66,1,30,17,0,2
6.34,1,30,11,4,2
6.14,1,30,17,0,2
7.05,1,30,14,0,2
6.54,13,24,8,1,2
6.93,12,23,6,2,2
6.58,12,24,2,4,2
5.44,12,24,0,0,2
5.47,12,3,2,3,2
6.3,20,22,0,5,2
7.78,24,24,2,4,2
7.23,1,5,17,9,2
7.88,13,24,7,5,2
6.72,12,23,19,0,2
6.67,3,30,2,1,2
7.45,1,111,0,0,0
6.82,12,23,0,1,2
7.35,13,24,0,1,2
6.89,1,23,3,2,2
7.66,13,24,0,1,2
6.82,12,24,2,4,2
6.67,12,3,2,3,2
8.28,25,25,0,1,2
7.68,13,23,2,3,2
6.75,12,2,2,1,2
7.58,21,7,2,1,2
7.78,12,24,7,4,2
7.38,1,20,2,1,2
8.0,38,24,2,1,2
8.23,13,24,7,2,2
7.33,12,23,4,0,2
5.51,4,6,15,6,2
7.71,13,23,3,2,2
6.55,12,24,0,4,2
7.14,24,24,0,4,2
7.3,12,24,0,0,2
7.83,3,23,0,1,2
7.18,12,24,7,1,2
7.17,1,27,0,1,2
7.46,13,24,7,1,2
6.78,12,23,2,1,2
7.39,12,24,7,0,2
7.48,13,4,0,11,2
5.52,2,28,0,1,2
8.23,1,2,8,0,2
6.31,6,3,2,0,2
7.2,2,29,20,2,2
7.56,12,24,2,4,2
6.9,12,24,2,4,2
8.11,24,24,0,0,2
8.12,75,24,2,1,2
7.04,1,22,7,1,2
5.0,1,98,14,1,0
6.13,12,24,0,5,2
6.48,25,24,0,1,2
6.44,52,24,2,1,2
6.42,3,24,7,4,2
7.4,12,24,0,1,2
7.65,20,24,6,1,2
6.99,12,24,3,0,2
6.73,64,24,5,9,2
7.81,13,23,9,6,2
7.7,1,102,3,0,0
7.19,13,24,1,4,2
5.0,2,30,15,3,2
8.21,1,106,0,1,0
6.04,7,5,2,0,2
6.38,12,23,0,2,2
6.54,214,23,2,5,2
7.24,10,24,2,4,2
7.52,1,56,4,1,0
7.37,1,58,4,1,0
7.46,1,59,4,1,0
7.26,10,24,6,4,2
7.27,1,22,2,2,2
6.6,6,3,15,4,2
6.29,12,23,2,6,2
7.14,1,24,0,1,2
7.28,93,23,0,5,2
4.77,1,2,2,11,2
3.41,12,4,17,1,2
7.79,25,25,0,0,2
8.29,11,24,2,1,2
6.91,22,23,0,0,2
6.44,11,24,0,0,2
7.3,12,24,6,4,2
7.06,13,4,18,0,2
6.63,9,10,2,1,2
5.88,13,4,17,5,2
6.64,12,23,0,1,2
6.03,1,11,15,1,2
5.0,151,5,7,1,2
5.76,6,13,17,1,2
7.78,1,53,1,0,2
6.65,2,21,20,1,2
6.57,1,1,17,1,2
6.55,63,25,2,3,2
7.78,1,62,14,1,0
6.95,1,28,17,0,2
8.6,25,22,2,1,2
7.22,1,93,0,0,0
7.63,7,2,2,4,2
6.44,13,24,2,4,2
7.78,10,25,0,0,2
7.22,1,31,0,1,2
6.03,12,24,0,4,2
7.69,12,24,0,1,2
6.46,3,27,2,0,2
8.2,12,23,5,4,2
6.5,49,23,5,9,2
6.78,14,4,2,11,2
6.71,13,24,0,1,2
6.37,1,25,20,2,2
5.86,51,24,0,5,2
5.0,1,90,3,5,0
6.75,12,11,7,0,2
5.09,5,29,2,1,2
7.23,1,98,0,1,0
6.37,2,29,19,0,2
5.97,48,5,2,10,2
5.0,46,25,7,0,2
6.61,1,101,0,4,0
7.58,12,24,5,1,2
6.4,13,4,9,0,2
7.0,1,27,2,3,2
6.92,1,39,0,4,2
7.02,12,24,7,3,2
6.19,12,24,0,0,2
7.88,13,24,4,0,2
5.0,164,25,2,1,2
6.29,1,24,19,0,2
7.39,1,28,2,1,2
5.0,199,10,2,3,2
6.62,12,4,2,11,2
5.57,10,3,0,3,2
7.3,1,2,2,1,2
6.14,1,4,9,5,2
7.95,1,50,2,4,2
6.53,1,2,2,3,2
7.8,13,24,2,1,2
7.22,10,24,2,1,2
5.86,1,10,1,10,2
6.79,12,2,2,1,2
7.29,1,24,0,5,2
8.01,12,24,0,1,2
7.3,10,23,0,1,2
6.53,12,24,5,9,2
7.44,12,23,7,3,2
6.63,1,89,0,5,0
6.1,12,23,9,6,2
5.51,13,5,2,2,2
8.53,25,24,2,1,2
8.35,1,23,7,1,2
7.3,12,24,13,0,2
4.71,1,2,9,9,2
7.38,12,23,0,1,2
6.86,1,15,9,6,2
5.0,26,5,23,10,2
6.5,3,30,20,2,2
7.76,2,24,0,1,2
7.53,26,23,0,4,2
7.17,13,24,0,4,2
7.24,2,31,20,1,2
7.87,1,15,22,1,2
5.0,10,4,2,1,2
6.84,2,13,7,0,2
7.74,13,23,7,3,2
7.29,12,24,0,4,2
7.21,1,5,9,6,2
6.84,1,25,21,0,2
8.12,24,24,0,1,2
7.31,1,25,7,0,2
6.82,7,6,7,0,2
5.39,1,15,3,2,2
6.37,12,3,2,3,2
7.23,1,24,6,4,2
6.9,1,85,3,1,0
6.43,12,23,6,2,2
7.09,12,24,0,0,2
7.27,1,71,23,0,0
6.52,12,24,2,4,2
6.47,1,28,20,1,2
6.0,12,3,7,1,2
7.35,1,5,2,11,2
7.07,12,23,0,1,2
7.32,10,23,2,1,2
6.45,12,24,17,5,2
6.69,24,24,0,6,2
4.57,1,39,3,1,2
7.85,25,24,22,1,2
7.16,1,52,3,0,2
6.82,51,1,0,1,2
6.55,2,2,2,1,2
5.17,4,8,0,0,2
6.36,1,88,1,5,0
5.65,4,3,7,5,2
7.52,12,23,7,3,2
6.82,15,4,7,1,2
7.57,12,23,7,3,2
8.57,1,45,1,1,2
7.74,1,113,0,0,0
6.57,12,24,0,1,2
7.28,1,96,4,1,0
7.72,12,24,7,1,2
6.76,6,5,0,4,2
6.92,13,23,3,1,2
7.55,24,13,1,1,2
7.17,13,24,0,0,2
7.04,13,24,2,2,2
8.06,1,95,2,1,0
7.66,1,98,0,5,0
5.98,12,23,0,1,2
6.88,12,24,0,5,2
7.11,2,19,20,1,2
6.73,13,30,2,4,2
8.11,1,103,13,5,0
7.19,11,23,1,4,2
7.09,12,23,6,2,2
7.43,13,23,0,0,2
6.07,3,7,4,0,2
7.08,12,23,4,9,2
6.79,148,24,0,1,2
5.71,1,1,0,6,2
8.0,1,83,2,0,0
6.04,1,28,7,4,2
6.95,1,44,0,4,2
7.72,2,18,0,0,2
7.61,1,20,7,1,2
6.42,25,24,0,0,2
7.33,12,24,7,1,2
6.43,1,24,0,5,2
6.55,1,48,9,5,2
6.79,33,24,0,0,2
7.52,12,23,0,1,2
7.63,10,24,0,1,2
5.0,1,8,23,6,2
6.89,1,14,22,1,2
6.17,12,24,15,1,2
7.36,1,29,20,1,2
7.67,12,24,0,9,2
6.76,12,23,4,2,2
7.1,12,11,7,0,2
7.99,5,25,13,4,2
7.18,12,13,6,1,2
7.88,12,24,5,1,2
6.79,24,23,0,4,2
8.72,10,24,1,1,2
7.67,12,23,2,1,2
5.91,1,23,0,1,2
7.73,102,24,0,1,2
6.88,1,23,2,1,2
7.07,1,12,2,3,2
6.03,1,16,20,0,2
7.85,5,24,0,1,2
6.05,51,23,5,5,2
7.67,12,22,1,1,2
6.57,12,3,2,3,2
8.63,11,23,3,1,2
8.13,10,24,0,1,2
7.52,13,24,2,4,2
6.9,12,24,7,3,2
7.53,24,23,0,1,2
5.59,12,24,2,4,2
7.68,13,24,7,0,2
7.26,12,24,5,9,2
8.22,12,28,0,2,2
7.81,12,24,0,1,2
6.53,2,2,2,1,2
7.15,26,25,1,8,2
3.6,5,7,0,5,2
4.87,1,3,0,9,2
7.29,12,24,0,1,2
5.0,48,9,17,1,2
8.24,4,27,14,1,2
8.4,24,23,0,1,2
6.5,13,4,18,0,2
6.09,13,24,0,5,2
6.91,12,24,0,4,2
7.04,1,93,0,1,0
7.04,13,24,0,1,2
7.19,2,26,0,1,2
7.39,52,25,17,0,2
7.44,12,23,0,0,2
6.24,51,11,17,9,2
8.41,12,22,2,11,2
7.53,25,24,13,1,2
7.4,1,2,7,0,2
7.18,12,23,6,4,2
6.82,12,23,0,4,2
5.59,1,3,0,5,2
5.49,24,11,17,0,2
5.0,26,24,2,1,2
5.77,1,5,2,5,2
6.05,12,23,0,5,2
5.44,13,23,22,0,2
7.03,1,71,23,0,0
6.49,13,24,2,4,2
6.61,24,24,0,0,2
7.44,140,23,9,5,2
6.58,4,10,8,0,2
8.03,12,24,0,4,2
6.87,12,24,0,5,2
6.77,13,24,3,0,2
7.88,1,63,2,1,0
7.15,1,11,7,3,2
6.8,12,23,0,4,2
7.77,1,111,0,0,0
7.58,12,24,2,3,2
5.76,26,24,0,0,2
7.53,12,23,7,3,2
8.74,22,22,3,1,2
7.54,12,23,6,4,2
7.17,1,114,8,5,0
7.42,11,23,0,0,2
8.12,11,22,13,0,2
7.96,12,24,2,3,2
7.83,1,51,0,1,2
7.44,4,24,0,5,2
6.59,1,23,20,2,2
6.41,12,24,0,4,2
7.41,24,24,0,0,2
8.12,2,58,0,1,0
7.38,2,53,0,0,2
7.62,25,24,0,4,2
6.5,24,23,0,0,2
8.27,13,24,4,0,2
6.09,12,24,0,2,2
5.0,1,45,0,1,2
5.38,10,40,9,0,2
7.37,1,24,2,1,2
5.14,4,5,0,0,2
7.4,12,24,13,0,2
6.25,12,3,7,1,2
7.48,1,23,2,1,2
7.21,1,26,2,0,2
6.74,1,24,0,0,2
6.76,6,5,19,1,2
5.0,32,9,0,0,2
5.0,1,85,14,5,0
5.99,12,3,2,3,2
5.0,52,3,23,5,2
6.29,8,11,22,1,2
7.15,13,24,2,5,2
6.6,26,12,0,5,2
7.09,1,15,2,4,2
8.18,12,23,2,1,2
7.17,12,24,2,1,2
5.67,1,3,7,1,2
7.37,3,28,0,0,2
5.0,1,15,23,0,2
7.89,24,24,0,1,2
7.64,1,118,0,1,0
7.74,1,2,0,1,2
6.51,13,11,2,6,2
5.0,1,42,0,0,2
5.0,24,5,2,0,2
8.27,13,24,7,4,2
6.76,1,130,0,0,0
6.85,12,24,2,1,2
7.2,1,90,12,1,0
5.52,12,24,17,4,2
6.73,1,30,20,2,2
7.21,12,23,2,1,2
7.39,12,24,5,9,2
6.63,12,23,4,5,2
5.0,2,50,2,1,2
6.9,12,23,0,4,2
7.6,10,22,2,1,2
7.6,2,21,7,1,2
7.0,13,4,2,3,2
7.22,10,23,0,4,2
5.0,1,31,0,6,2
5.98,4,18,2,1,2
8.12,24,23,2,1,2
6.94,1,49,14,5,2
7.47,2,13,2,1,2
7.58,73,23,0,1,2
8.34,25,24,2,1,2
7.65,12,26,0,1,2
6.74,1,23,6,4,2
7.17,13,24,1,4,2
7.31,2,26,0,0,2
7.88,4,26,2,1,2
7.23,6,8,2,3,2
6.2,1,3,0,0,2
6.14,3,23,2,1,2
7.62,1,87,0,5,0
6.92,1,96,2,5,0
7.27,25,25,0,0,2
7.46,2,30,2,1,2
6.8,12,24,7,3,2
7.38,1,33,20,2,2
6.02,1,24,5,9,2
8.46,1,47,1,1,2
6.6,1,20,4,1,2
6.19,50,4,2,0,2
8.76,10,23,1,1,2
7.45,12,24,0,4,2
6.51,12,24,0,4,2
6.53,1,23,0,1,2
7.63,12,24,7,1,2
7.47,3,23,0,1,2
6.04,3,23,14,1,2
6.8,12,1,7,3,2
8.12,22,23,0,1,2
5.94,12,24,7,5,2
6.25,12,24,17,4,2
7.77,12,24,0,1,2
6.88,13,24,1,1,2
7.44,1,105,0,1,0
7.88,1,105,0,1,0
6.38,1,3,7,3,2
6.75,6,3,15,4,2
7.95,1,102,9,0,0
6.87,5,5,2,1,2
8.05,24,24,0,1,2
7.73,1,82,0,4,0
6.25,1,27,20,2,2
5.0,2,45,1,5,2
5.0,2,45,7,5,2
6.81,12,23,2,4,2
6.06,1,2,9,1,2
7.17,12,24,0,1,2
7.14,12,24,6,4,2
7.4,12,23,0,1,2
6.56,24,1,2,1,2
6.4,12,23,0,4,2
7.64,4,26,17,2,2
7.11,1,107,0,1,0
6.51,12,24,0,4,2
6.03,10,23,0,1,2
5.64,1,3,7,3,2
5.77,1,3,7,1,2
6.32,1,82,0,6,0
5.0,26,5,1,10,2
7.88,24,24,1,1,2
7.38,12,24,7,0,2
8.26,1,2,0,2,2
5.0,1,13,23,10,2
6.06,1,24,4,2,2
5.0,15,6,23,10,2
5.0,10,6,9,10,2
5.0,10,6,9,10,2
6.15,2,5,4,0,2
7.29,6,10,0,1,2
7.76,12,24,2,1,2
6.26,1,28,20,2,2
8.16,12,23,2,1,2
7.48,1,89,0,0,0
7.64,1,52,2,0,2
7.41,25,23,0,0,2
7.37,1,88,14,1,0
8.45,12,24,0,1,2
8.38,2,27,0,2,2
7.6,2,39,3,1,2
8.35,24,24,2,0,2
6.15,24,5,2,5,2
6.77,13,24,2,3,2
6.48,1,4,2,3,2
6.6,12,24,0,0,2
6.52,2,20,20,2,2
8.03,13,23,2,3,2
6.73,1,67,4,0,0
6.74,12,25,0,1,2
7.5,1,27,4,4,2
8.45,24,23,0,1,2
7.05,1,26,2,1,2
6.25,1,24,20,2,2
5.82,12,3,15,3,2
7.9,10,25,7,3,2
5.0,26,5,23,10,2
7.08,12,24,21,0,2
7.49,12,23,0,1,2
7.38,13,3,7,3,2
6.73,16,24,2,1,2
6.73,12,2,2,1,2
7.16,12,24,2,1,2
6.34,10,23,0,1,2
6.74,1,42,0,1,2
6.91,50,20,9,0,2
7.48,1,100,0,1,0
5.77,1,11,6,2,2
7.04,12,24,2,5,2
6.86,1,1,0,4,2
5.0,61,2,9,0,2
7.25,10,23,0,1,2
6.91,3,7,23,5,2
7.47,1,24,2,4,2
5.99,6,3,2,1,2
6.45,12,22,13,0,2
7.3,13,23,0,5,2
7.78,6,3,2,3,2
6.9,1,103,0,1,0
6.98,12,23,0,0,2
8.07,25,24,14,1,2
5.0,13,25,7,1,2
6.65,1,24,2,3,2
6.89,12,24,7,0,2
6.57,13,23,9,5,2
7.94,13,24,4,0,2
5.84,12,22,0,1,2
7.39,12,24,2,1,2
6.52,48,24,0,9,2
8.1,1,51,0,2,2
7.29,24,23,0,4,2
8.01,12,24,0,4,2
8.1,12,24,0,4,2
5.0,2,20,23,10,2
6.7,13,2,2,4,2
6.86,2,15,7,1,2
6.56,1,24,0,4,2
7.07,12,24,0,1,2
5.39,12,3,7,0,2
7.93,24,25,0,1,2
6.52,1,30,0,5,2
7.31,1,98,3,0,0
8.0,13,23,9,5,2
7.63,13,24,0,0,2
7.27,26,23,0,0,2
8.14,4,24,13,4,2
6.55,9,13,2,4,2
5.58,1,3,7,5,2
6.88,2,25,1,0,2
7.64,13,24,0,4,2
7.39,35,8,0,0,2
6.51,12,24,0,0,2
5.84,1,24,20,2,2
8.29,24,25,15,1,2
6.25,1,4,9,0,2
6.51,12,2,2,11,2
6.96,1,119,4,5,0
7.06,13,24,0,1,2
6.85,12,24,0,0,2
8.2,12,23,5,0,2
5.94,2,6,15,2,2
7.71,25,24,0,1,2
6.82,1,94,2,5,0
6.57,12,24,0,5,2
7.4,1,26,0,1,2
7.96,24,22,2,1,2
7.29,1,23,2,1,2
6.61,1,2,0,5,2
7.21,12,24,7,3,2
6.71,12,24,4,2,2
6.89,25,24,2,1,2
7.35,12,24,0,4,2
6.4,1,74,0,0,0
5.44,10,4,2,0,2
5.89,23,24,0,0,2
7.61,1,78,0,0,0
4.9,52,25,1,5,2
7.29,15,5,2,1,2
6.99,12,23,2,0,2
6.61,11,23,13,0,2
7.27,11,23,4,5,2
7.26,12,22,0,0,2
6.52,16,14,13,11,2
8.2,1,90,17,4,0
7.65,12,24,6,1,2
8.33,13,23,0,2,2
6.3,1,25,2,1,2
7.96,1,119,3,0,0
8.6,13,26,3,1,2
7.5,1,95,0,1,0
7.45,1,130,5,1,0
7.2,2,20,20,1,2
6.09,12,23,0,5,2
8.33,1,119,1,0,0
6.71,12,24,0,4,2
6.66,12,8,2,1,2
7.17,12,24,2,1,2
6.66,12,24,0,5,2
6.95,12,23,7,0,2
7.15,1,54,3,0,2
9.0,1,130,3,1,0
6.83,1,27,20,2,2
6.44,12,2,7,1,2
7.22,13,24,1,1,2
7.79,1,1,14,1,2
6.25,12,23,0,1,2
8.73,25,24,2,1,2
7.74,12,23,0,4,2
6.33,1,43,7,3,2
6.18,1,50,7,3,2
6.32,1,67,7,3,0
7.64,12,23,0,1,2
3.38,12,3,13,5,2
8.63,1,47,1,1,2
9.1,51,24,0,1,2
7.51,12,23,2,1,2
4.72,12,2,2,12,2
7.77,13,24,3,0,2
6.27,6,8,2,0,2
7.39,13,3,2,3,2
6.81,1,25,20,2,2
6.66,39,9,2,1,2
6.94,18,13,0,11,2
7.91,1,47,3,2,2
7.86,10,24,3,2,2
5.0,24,10,4,10,2
4.43,1,2,9,0,2
6.82,1,24,2,1,2
7.05,13,23,7,11,2
6.66,1,48,0,0,2
6.26,1,29,7,4,2
7.06,1,23,6,4,2
7.26,10,24,4,1,2
6.24,1,25,9,0,2
7.01,1,25,7,0,2
6.9,24,23,2,1,2
5.55,51,24,0,0,2
5.74,26,2,2,11,2
6.37,24,19,2,8,2
7.93,1,89,2,1,0
6.32,1,50,1,0,2
5.79,12,24,0,1,2
6.91,13,23,2,1,2
7.33,12,23,2,4,2
7.82,12,23,7,3,2
7.96,13,24,0,4,2
7.09,1,27,20,2,2
7.13,1,26,20,2,2
6.93,1,31,20,2,2
7.77,1,52,2,0,2
7.8,1,51,2,0,2
8.1,1,57,2,0,0
5.0,1,63,1,0,0
5.0,1,16,11,4,2
5.0,32,10,2,0,2
7.6,26,24,0,1,2
6.44,1,1,17,5,2
5.07,13,1,2,3,2
6.69,1,75,23,0,0
5.91,6,16,0,1,2
7.94,3,21,4,1,2
6.38,1,98,0,5,0
5.66,12,12,6,2,2
6.36,12,23,6,0,2
5.73,8,5,2,11,2
7.1,26,12,2,11,2
8.03,13,23,7,11,2
7.34,13,23,0,11,2
6.39,39,24,2,0,2
6.64,50,24,5,9,2
6.63,7,4,2,4,2
6.22,1,23,0,0,2
5.66,12,24,0,5,2
6.09,1,1,17,4,2
7.79,12,24,17,1,2
6.54,12,3,2,3,2
6.15,1,21,20,2,2
5.81,1,38,0,1,2
7.43,12,23,3,5,2
7.18,12,24,0,1,2
8.32,51,24,2,1,2
7.71,12,24,2,1,2
6.31,3,6,4,0,2
6.51,1,23,0,1,2
5.36,6,23,0,5,2
8.57,12,24,0,11,2
7.95,12,23,2,1,2
7.09,1,68,13,0,0
7.53,12,23,0,4,2
7.29,1,24,2,4,2
5.0,1,66,2,1,0
7.08,12,23,6,1,2
7.69,9,2,2,1,2
7.29,2,23,0,4,2
5.0,130,1,2,0,2
7.35,12,24,2,5,2
8.32,1,1,7,1,2
7.59,2,24,0,1,2
6.9,13,7,2,3,2
6.91,10,23,0,4,2
6.8,1,23,0,4,2
8.09,3,23,0,1,2
6.93,12,24,9,0,2
6.82,1,13,2,3,2
5.72,26,24,0,0,2
7.04,13,24,3,0,2
6.5,13,7,9,0,2
6.12,12,24,0,0,2
6.03,13,15,3,0,2
6.16,8,30,2,5,2
5.0,26,12,0,1,2
5.0,52,1,2,0,2
6.65,41,8,0,11,2
7.6,1,89,2,1,0
7.87,1,110,2,4,0
5.0,26,5,2,0,2
7.21,1,53,9,0,2
6.26,1,6,9,0,2
6.04,2,25,20,2,2
8.51,23,23,4,2,2
6.39,12,23,4,2,2
8.22,13,24,0,1,2
6.42,13,7,16,0,2
6.9,12,23,0,4,2
7.63,13,24,0,0,2
6.72,12,2,2,1,2
6.55,1,5,0,1,2
6.24,1,26,3,0,2
5.37,1,5,8,3,2
6.64,12,23,7,1,2
8.54,25,23,0,1,2
5.84,1,27,20,2,2
6.19,2,29,0,6,2
6.12,6,40,2,5,2
7.42,131,23,0,1,2
7.27,1,24,20,0,2
4.51,12,4,7,0,2
7.16,1,59,0,0,0
6.41,13,7,2,6,2
7.8,11,22,6,4,2
7.47,24,24,0,9,2
7.24,12,24,12,1,2
7.89,1,4,9,4,2
5.88,12,3,2,3,2
6.62,12,23,0,4,2
6.45,51,8,0,5,2
5.16,12,4,2,6,2
7.42,1,89,3,1,0
6.48,12,23,2,1,2
6.79,12,23,0,4,2
6.61,1,25,20,2,2
7.05,1,23,16,0,2
8.15,10,23,1,4,2
6.94,1,56,9,0,0
7.52,1,104,0,1,0
7.29,1,105,0,1,0
7.31,1,2,0,1,2
5.0,44,10,2,10,2
5.0,6,5,2,0,2
6.36,12,24,9,5,2
7.27,25,23,0,2,2
7.31,12,23,0,5,2
6.82,1,24,0,1,2
6.89,1,11,7,0,2
5.94,1,24,17,0,2
7.83,1,1,14,1,2
6.33,60,1,2,11,2
7.06,2,24,7,3,2
8.37,12,23,13,1,2
6.01,139,24,17,0,2
6.33,51,24,0,0,2
6.34,3,31,0,1,2
8.1,1,23,0,1,2
6.45,1,59,9,5,0
6.96,5,6,2,1,2
6.98,12,23,7,1,2
6.26,12,2,7,3,2
7.95,13,24,0,1,2
6.97,1,94,0,0,0
5.61,12,24,2,1,2
6.55,60,34,7,1,2
6.55,1,24,0,1,2
4.8,12,2,7,12,2
6.71,13,24,0,0,2
8.02,1,105,0,5,0
6.41,25,24,2,0,2
7.22,12,24,0,1,2
8.0,12,24,3,1,2
8.02,25,23,2,0,2
7.19,13,24,6,2,2
8.46,12,26,13,4,2
6.67,26,24,0,9,2
7.25,1,104,1,1,0
6.35,12,24,0,5,2
7.67,22,24,13,1,2
6.93,12,24,0,1,2
6.54,14,10,0,5,2
5.0,6,2,2,0,2
8.29,25,25,21,4,2
7.28,1,63,22,9,0
8.02,25,24,0,0,2
7.22,1,89,5,9,0
5.39,1,4,2,6,2
7.72,1,106,0,1,0
5.86,12,23,0,0,2
6.26,4,13,22,1,2
7.3,1,3,15,2,2
7.34,6,3,2,4,2
7.36,2,25,15,1,2
6.37,12,24,0,4,2
7.94,12,23,0,1,2
6.53,1,1,2,0,2
5.0,13,2,2,0,2
7.15,12,9,9,1,2
6.62,1,90,1,5,0
7.05,12,17,2,1,2
7.53,12,23,7,1,2
6.56,2,19,20,2,2
5.89,2,20,20,4,2
6.83,12,24,5,4,2
7.06,12,23,8,5,2
6.22,26,3,5,3,2
7.34,24,13,2,1,2
7.05,12,24,7,0,2
6.25,12,23,14,1,2
5.94,1,5,20,2,2
6.73,13,24,0,1,2
7.7,12,25,0,5,2
5.41,12,3,2,2,2
6.63,12,2,2,1,2
6.89,13,24,0,4,2
6.56,12,24,4,2,2
6.65,12,23,8,2,2
7.79,12,23,0,1,2
7.13,1,69,13,0,0
5.69,1,6,0,5,2
5.62,13,3,7,3,2
7.23,13,13,2,1,2
7.3,12,24,0,0,2
6.55,1,26,6,2,2
5.43,12,4,2,0,2
6.75,1,28,22,2,2
6.63,10,15,11,9,2
6.29,12,7,9,0,2
7.48,1,24,3,0,2
5.0,13,6,2,11,2
6.91,12,24,14,2,2
6.54,13,7,9,0,2
7.12,12,24,7,3,2
6.39,12,2,2,11,2
7.49,13,24,0,1,2
7.09,25,24,14,1,2
6.46,1,25,0,1,2
6.41,2,2,2,1,2
7.18,25,24,2,1,2
5.48,2,2,7,0,2
6.56,12,2,2,3,2
6.7,13,23,1,5,2
6.45,24,24,2,5,2
6.21,75,24,17,5,2
4.67,13,3,2,0,2
6.63,12,24,2,1,2
7.77,12,23,0,4,2
5.0,26,5,1,10,2
7.13,1,24,0,5,2
8.43,22,25,3,1,2
6.3,2,21,20,2,2
8.07,1,90,14,1,0
7.47,1,23,3,5,2
6.25,2,2,2,1,2
7.19,13,24,1,1,2
6.5,3,4,2,1,2
7.08,10,24,7,1,2
6.44,1,3,7,3,2
5.0,243,1,2,0,2
7.55,12,24,0,1,2
7.63,2,23,2,1,2
6.69,13,24,0,2,2
7.12,4,24,0,1,2
7.72,13,24,3,1,2
7.08,12,24,4,4,2
6.3,3,16,20,1,2
7.91,13,24,0,1,2
5.34,10,5,2,9,2
6.09,2,47,0,5,2
7.22,1,24,0,1,2
8.61,1,64,0,4,0
8.82,1,83,0,4,0
6.19,1,59,9,0,0
7.73,13,23,0,4,2
7.65,1,119,0,0,0
7.27,12,23,7,1,2
7.25,1,6,9,9,2
7.69,25,23,2,1,2
5.88,12,24,2,0,2
5.94,12,4,2,11,2
7.43,12,24,4,0,2
6.3,12,24,7,1,2
8.26,1,100,0,1,0
7.53,8,24,0,1,2
6.9,13,15,0,5,2
6.18,12,24,0,4,2
6.6,12,3,7,11,2
7.69,12,24,0,4,2
5.0,1,4,9,0,2
7.08,50,24,0,0,2
6.73,4,16,20,1,2
5.95,12,22,2,0,2
5.4,10,24,0,1,2
6.92,1,8,2,3,2
6.25,2,2,1,5,2
6.33,12,24,7,2,2
6.21,1,21,0,5,2
8.51,39,23,0,1,2
7.26,12,24,2,1,2
7.62,12,24,5,3,2
8.11,13,24,0,1,2
6.98,1,96,2,1,0
8.3,13,23,9,5,2
7.51,1,103,9,5,0
6.29,13,4,18,0,2
6.27,1,17,20,1,2
6.3,12,24,0,0,2
7.43,1,21,2,1,2
6.81,12,23,4,0,2
7.03,12,23,9,5,2
6.42,12,3,9,5,2
7.3,1,106,0,1,0
7.45,1,96,0,1,0
6.1,12,24,0,9,2
5.39,12,1,5,9,2
7.14,1,105,0,1,0
5.0,1,50,2,1,2
5.0,1,25,2,1,2
7.9,12,24,7,11,2
7.11,12,24,2,4,2
7.32,50,24,0,1,2
7.51,1,88,0,0,0
8.11,1,12,0,1,2
6.91,4,8,4,0,2
6.9,1,70,0,0,0
6.03,12,23,1,9,2
7.3,12,24,2,1,2
8.49,12,24,0,11,2
8.26,1,24,4,2,2
6.53,1,24,7,0,2
5.78,1,45,11,4,2
6.16,2,4,20,1,2
6.63,1,6,19,0,2
6.83,24,23,9,5,2
6.53,12,24,0,1,2
7.44,1,24,0,4,2
5.0,2,50,0,0,2
6.68,12,2,2,1,2
7.21,26,24,0,0,2
5.95,6,16,0,0,2
6.7,12,23,6,11,2
6.52,1,17,20,1,2
7.68,12,14,2,4,2
5.38,11,23,0,2,2
8.96,1,106,22,0,0
8.21,13,24,15,1,2
6.38,12,24,4,0,2
6.22,4,7,7,0,2
6.56,1,2,0,0,2
7.05,11,24,0,0,2
6.47,1,91,0,0,0
6.99,15,14,6,11,2
6.59,1,6,9,0,2
6.51,12,23,0,0,2
8.41,2,26,2,1,2
5.0,1,20,1,0,2
7.75,13,24,0,1,2
7.14,1,47,13,1,2
6.39,12,24,0,1,2
7.86,1,23,1,4,2
6.04,1,7,3,0,2
6.53,7,2,2,1,2
6.86,2,15,20,2,2
6.47,12,24,17,4,2
6.83,5,4,2,4,2
5.14,1,2,9,0,2
7.16,2,30,20,2,2
6.74,1,75,0,1,0
5.53,12,24,13,0,2
5.39,11,3,2,2,2
5.8,12,3,7,1,2
6.71,12,24,14,5,2
7.7,4,7,7,0,2
7.2,24,24,14,1,2
6.7,2,3,2,0,2
6.93,2,16,20,1,2
7.4,13,24,9,6,2
7.59,12,24,7,1,2
7.71,1,105,0,0,0
6.87,12,23,5,3,2
5.0,47,24,4,0,2
7.4,1,24,0,1,2
5.44,51,24,0,0,2
5.64,13,24,1,5,2
5.0,50,23,1,0,2
6.42,12,24,22,1,2
6.65,12,8,2,1,2
5.35,13,4,2,5,2
6.88,12,24,7,0,2
5.65,24,23,1,0,2
8.0,12,24,0,4,2
7.05,1,28,20,2,2
7.39,12,24,7,1,2
5.0,104,1,1,0,2
6.72,13,3,7,0,2
7.76,12,22,7,1,2
7.59,13,7,0,0,2
6.45,13,7,13,0,2
6.33,1,25,2,2,2
7.02,12,23,0,1,2
7.42,13,24,2,11,2
5.46,12,5,6,2,2
7.52,100,24,9,0,2
7.62,13,24,4,1,2
6.15,1,15,3,5,2
6.48,89,24,5,5,2
6.43,51,23,5,9,2
7.58,22,23,0,5,2
5.0,1,5,9,9,2
7.09,1,24,0,4,2
5.93,2,2,2,1,2
6.2,2,2,2,1,2
6.36,1,2,9,9,2
7.34,12,23,0,0,2
7.53,12,24,2,1,2
5.25,13,4,13,5,2
5.0,1,43,3,1,2
6.9,2,24,20,1,2
7.6,13,24,0,0,2
5.0,27,15,2,0,2
8.21,13,23,0,0,2
5.0,1,4,9,9,2
5.06,1,4,9,9,2
6.82,12,23,0,0,2
8.2,12,23,0,1,2
6.9,2,18,20,1,2
5.52,4,30,2,3,2
5.0,26,3,2,5,2
6.16,12,24,0,1,2
6.98,38,23,0,1,2
5.0,1,55,2,3,0
7.05,12,25,0,4,2
6.34,1,51,1,0,2
5.0,47,6,2,0,2
6.87,2,13,20,2,2
7.1,12,23,6,1,2
7.48,1,90,0,4,0
6.49,12,23,2,4,2
8.14,3,23,7,1,2
7.13,12,24,7,3,2
8.87,10,24,2,1,2
6.25,12,13,1,11,2
8.31,10,23,1,4,2
5.0,39,1,2,0,2
5.72,11,23,7,5,2
7.64,11,22,7,5,2
7.31,12,22,3,1,2
7.19,12,24,0,4,2
7.44,1,7,9,9,2
6.04,9,2,7,1,2
5.99,13,24,0,0,2
6.94,12,24,4,4,2
7.64,100,1,9,6,2
7.68,13,23,4,0,2
5.35,12,23,0,0,2
6.26,2,19,20,1,2
8.59,11,23,7,1,2
7.92,12,23,2,0,2
7.84,12,24,0,0,2
5.0,12,1,7,3,2
5.0,26,5,2,0,2
7.0,12,24,0,4,2
6.42,1,136,0,0,0
5.99,12,5,2,0,2
6.35,12,23,3,2,2
7.42,2,23,7,1,2
6.73,13,23,0,5,2
6.93,12,24,2,4,2
4.34,12,30,0,5,2
6.82,12,24,0,5,2
6.44,1,23,0,1,2
7.16,1,77,0,1,0
5.89,24,23,1,0,2
6.5,12,22,0,0,2
7.08,12,24,14,11,2
7.7,1,41,0,1,2
7.52,1,50,7,3,2
7.1,1,63,2,9,0
6.95,13,24,9,9,2
6.29,30,9,2,5,2
6.83,12,23,0,0,2
6.76,12,23,9,5,2
6.63,12,24,9,9,2
6.29,10,24,0,5,2
8.59,1,117,0,2,0
8.79,1,122,0,2,0
8.24,25,24,0,0,2
7.7,26,25,0,0,2
6.65,1,11,4,1,2
7.23,2,25,0,0,2
6.8,1,23,0,4,2
6.97,5,14,0,5,2
5.0,4,2,1,0,2
6.32,1,59,17,5,0
7.58,12,24,1,5,2
7.56,5,18,4,2,2
7.45,13,23,7,11,2
8.79,12,24,3,1,2
6.23,1,4,20,2,2
5.74,1,9,2,0,2
5.27,12,24,4,2,2
5.0,1,13,17,6,2
5.85,4,1,7,10,2
5.0,12,3,2,0,2
6.65,11,2,1,4,2
6.34,2,20,20,1,2
8.09,1,23,2,4,2
5.37,2,15,2,1,2
6.4,7,6,2,4,2
5.68,1,30,3,0,2
6.75,3,6,2,3,2
7.32,1,64,0,0,0
5.84,12,23,0,5,2
7.86,1,117,4,2,0
7.56,4,23,0,1,2
6.41,12,7,2,11,2
6.4,1,100,0,11,0
5.0,49,10,2,11,2
6.71,12,23,5,9,2
6.06,1,3,2,11,2
7.01,12,23,9,1,2
6.94,1,106,1,0,0
6.2,1,14,0,5,2
8.03,13,24,7,1,2
7.6,14,15,2,1,2
7.03,1,94,3,0,0
6.19,1,20,4,9,2
6.55,12,3,7,3,2
5.67,1,4,9,9,2
6.79,51,12,7,1,2
7.38,10,2,22,10,2
6.45,12,4,2,11,2
4.77,12,2,2,12,2
7.68,13,24,0,1,2
8.45,120,5,2,1,2
7.82,8,30,0,5,2
5.0,1,15,0,5,2
7.79,1,59,7,3,0
7.06,8,25,0,4,2
5.0,27,2,9,0,2
6.64,3,20,20,1,2
7.08,13,23,9,0,2
5.0,24,25,1,5,2
7.68,12,24,13,1,2
6.32,63,10,2,11,2
6.52,12,24,4,8,2
5.0,1,15,23,6,2
7.76,24,14,0,1,2
8.64,13,24,7,4,2
7.66,22,25,1,1,2
6.24,39,11,0,11,2
7.33,12,24,9,0,2
6.85,12,25,0,1,2
6.23,24,23,4,0,2
7.5,1,97,2,1,0
3.84,12,8,19,0,2
7.3,10,24,7,1,2
6.59,12,24,22,1,2
6.78,12,24,0,11,2
6.76,12,25,0,0,2
5.93,50,23,4,0,2
5.0,1,20,0,0,2
7.71,13,14,2,1,2
5.88,12,4,7,11,2
6.21,1,42,2,1,2
6.0,12,3,2,1,2
5.0,8,6,2,0,2
6.96,12,23,0,1,2
7.0,12,23,0,1,2
5.0,1,11,0,6,2
8.33,25,23,0,1,2
6.83,12,24,2,1,2
7.91,25,24,1,0,2
7.34,13,24,1,1,2
7.12,1,24,7,1,2
5.0,6,1,2,0,2
7.73,12,24,4,4,2
7.16,2,26,20,2,2
7.43,12,24,0,1,2
5.48,12,9,5,0,2
7.08,1,10,2,1,2
5.0,1,2,23,9,2
6.82,1,24,7,1,2
5.0,1,3,23,0,2
5.0,24,2,17,10,2
5.0,1,3,17,10,2
5.89,12,23,3,5,2
4.82,12,13,5,0,2
6.75,1,51,0,5,2
6.49,1,15,0,1,2
5.38,12,12,9,0,2
6.96,13,24,9,0,2
7.28,1,55,0,1,0
7.09,12,24,0,0,2
7.14,20,14,0,11,2
7.41,12,24,3,1,2
6.72,12,24,11,0,2
7.3,1,101,1,1,0
8.32,1,106,5,4,0
5.99,1,2,2,1,2
6.3,1,2,0,1,2
4.86,12,7,5,0,2
5.0,1,7,17,8,2
5.37,1,30,5,5,2
6.22,1,23,0,0,2
5.57,5,4,2,6,2
7.11,2,25,0,1,2
5.0,12,40,2,0,2
6.81,1,104,0,5,0
7.22,12,23,0,1,2
7.06,1,86,0,5,0
7.07,1,89,0,5,0
7.08,1,93,0,5,0
7.49,12,23,2,1,2
6.68,26,23,14,5,2
6.54,12,24,3,1,2
5.62,12,4,2,0,2
5.0,16,12,5,11,2
7.48,30,16,0,1,2
5.0,12,15,1,1,2
5.0,26,13,1,0,2
5.0,26,15,1,0,2
5.44,12,12,0,5,2
5.81,12,13,0,1,2
5.69,3,1,2,11,2
6.53,1,89,0,0,0
6.7,12,23,2,9,2
6.08,12,4,2,11,2
6.59,12,24,4,0,2
5.91,1,24,14,5,2
5.89,13,3,12,0,2
6.67,12,2,2,1,2
5.14,13,3,2,5,2
5.69,12,23,15,6,2
5.0,20,1,2,5,2
6.31,12,24,22,0,2
6.62,12,24,7,5,2
5.65,21,2,2,0,2
6.61,12,23,6,2,2
6.35,3,15,20,1,2
5.82,12,23,0,4,2
7.78,17,24,9,5,2
5.0,6,3,2,0,2
7.98,12,24,0,5,2
5.0,33,30,2,0,2
6.76,12,23,2,3,2
6.77,1,27,0,1,2
6.82,2,16,20,1,2
6.4,1,24,0,0,2
5.9,12,23,1,5,2
7.28,20,14,13,1,2
7.96,1,47,8,0,2
6.72,1,17,20,1,2
7.16,2,27,20,2,2
7.31,13,23,12,5,2
5.51,12,24,0,11,2
7.62,12,23,2,1,2
6.78,1,26,1,1,2
5.0,1,8,23,0,2
5.0,2,8,23,0,2
5.0,2,8,23,0,2
6.05,34,7,4,0,2
7.0,12,11,2,0,2
7.35,12,23,2,4,2
7.07,12,24,0,1,2
7.85,1,53,0,1,2
5.68,12,23,9,0,2
6.85,1,69,9,0,0
6.84,146,24,0,5,2
8.27,1,93,1,1,0
5.0,1,13,17,6,2
6.55,13,23,0,5,2
5.72,36,12,2,1,2
6.69,12,24,0,1,2
8.13,12,23,2,5,2
6.59,52,24,0,9,2
5.0,1,1,17,5,2
7.03,1,4,0,0,2
7.35,13,23,0,5,2
5.67,12,2,0,1,2
8.99,12,24,0,1,2
7.37,24,25,13,4,2
7.13,13,24,0,4,2
7.07,25,24,2,1,2
6.91,1,15,20,1,2
7.21,2,24,0,0,2
7.26,11,24,0,2,2
7.41,12,23,0,11,2
7.44,1,63,4,1,0
6.61,12,2,7,3,2
5.0,13,2,2,0,2
7.1,12,24,0,4,2
6.66,12,23,9,4,2
5.0,1,76,23,0,0
6.47,2,25,4,6,2
6.93,12,23,6,2,2
6.44,12,4,7,6,2
5.0,50,3,2,0,2
5.0,50,5,2,0,2
7.27,1,24,2,1,2
6.23,6,2,2,1,2
8.34,1,6,4,9,2
6.73,1,28,20,2,2
6.82,1,6,9,0,2
6.54,13,3,2,3,2
7.47,12,23,7,1,2
7.41,1,22,2,3,2
7.25,24,23,0,4,2
6.92,12,24,5,4,2
7.28,12,23,0,4,2
7.64,6,24,7,4,2
5.72,13,24,0,5,2
6.92,49,24,0,0,2
6.11,12,3,7,3,2
7.34,1,82,0,0,0
7.29,12,18,0,5,2
6.81,1,71,0,0,0
5.0,1,5,0,1,2
6.29,2,18,20,2,2
6.78,1,74,0,5,0
5.0,1,10,2,6,2
7.01,12,23,3,0,2
7.12,12,23,1,1,2
5.0,4,11,2,0,2
6.39,12,24,13,5,2
7.54,1,48,7,4,2
7.81,1,47,3,4,2
8.0,1,48,3,4,2
6.51,12,23,3,1,2
5.37,12,9,3,1,2
7.27,3,30,20,0,2
5.57,12,4,7,0,2
4.76,12,4,6,0,2
6.48,2,21,20,2,2
4.64,12,4,7,0,2
6.31,10,23,2,1,2
5.0,26,22,2,0,2
6.63,1,1,9,0,2
7.51,12,23,0,11,2
7.38,24,14,17,4,2
6.42,12,23,0,6,2
7.97,1,112,0,0,0
7.65,6,24,3,0,2
6.56,6,4,6,4,2
5.14,12,25,0,0,2
7.88,12,24,0,1,2
6.52,1,1,9,5,2
5.73,13,4,18,0,2
6.73,13,23,9,9,2
7.53,2,25,15,1,2
6.59,2,4,7,6,2
7.41,25,23,7,0,2
6.54,12,23,1,4,2
6.11,1,90,22,6,0
6.45,12,8,0,2,2
7.87,1,1,7,3,2
6.5,12,23,9,0,2
6.48,12,23,7,1,2
5.0,1,53,1,0,2
6.57,2,16,20,2,2
6.42,2,26,0,1,2
6.88,1,23,0,11,2
8.23,1,93,2,5,0
5.81,1,24,19,0,2
5.61,10,25,0,1,2
7.08,1,98,0,5,0
7.28,1,102,1,8,0
7.7,11,22,0,1,2
6.08,12,22,2,5,2
7.72,1,82,0,0,0
7.55,24,24,8,1,2
7.42,2,46,1,0,2
6.27,12,23,2,1,2
7.57,22,24,0,0,2
6.33,13,24,11,1,2
7.38,170,23,0,1,2
7.84,24,24,0,1,2
6.7,12,23,5,1,2
6.29,1,40,12,5,2
8.65,11,23,7,1,2
8.74,13,25,4,11,2
6.1,12,11,3,5,2
7.21,3,22,0,1,2
8.48,24,24,7,1,2
5.53,23,1,2,0,2
5.54,1,3,2,1,2
7.36,12,23,7,3,2
6.58,26,23,4,2,2
6.13,4,2,2,1,2
5.0,1,1,2,0,2
8.21,24,24,2,1,2
6.63,1,26,20,2,2
7.13,2,9,0,5,2
7.02,1,26,0,0,2
6.71,1,25,3,1,2
7.14,3,28,0,0,2
7.16,25,23,0,4,2
5.0,26,22,2,0,2
6.22,20,13,0,11,2
7.2,12,23,13,1,2
5.0,13,14,2,11,2
5.03,12,7,5,0,2
6.5,1,23,14,1,2
5.91,13,3,12,0,2
6.75,2,20,20,2,2
5.0,37,24,1,6,2
7.86,24,24,1,1,2
6.6,59,24,7,0,2
5.0,1,49,1,10,2
4.71,12,24,9,2,2
7.13,51,24,9,5,2
7.43,1,117,1,0,0
5.0,12,1,2,0,2
8.27,12,23,7,1,2
6.55,12,24,2,0,2
6.8,1,95,0,1,0
8.18,12,24,22,0,2
4.62,12,3,3,1,2
6.99,12,23,2,1,2
6.31,1,61,6,0,0
5.0,70,5,7,1,2
6.68,12,23,0,9,2
6.33,52,23,5,9,2
6.61,12,24,7,0,2
5.0,45,3,7,1,2
7.31,12,24,0,5,2
6.64,120,24,0,9,2
6.9,12,12,2,3,2
6.48,6,3,2,1,2
5.32,12,5,2,1,2
6.61,2,15,20,2,2
6.7,51,24,0,0,2
7.67,12,12,2,3,2
6.42,6,24,0,0,2
7.76,12,24,5,3,2
7.18,13,24,9,5,2
5.0,51,23,7,0,2
7.42,12,24,5,1,2
6.57,12,24,3,1,2
6.04,15,14,1,1,2
6.26,1,10,9,5,2
7.2,1,96,0,0,0
7.07,1,24,20,1,2
6.63,12,24,0,1,2
6.54,6,23,16,0,2
7.58,13,23,9,6,2
7.13,26,3,2,3,2
7.54,12,22,22,1,2
7.56,1,8,9,9,2
6.02,1,24,0,1,2
7.46,12,3,7,11,2
5.0,2,49,14,1,2
7.09,2,16,20,2,2
7.1,12,20,2,0,2
8.1,24,24,7,1,2
6.4,12,1,0,0,2
7.6,25,23,2,1,2
4.68,13,4,16,0,2
7.78,13,23,0,4,2
7.88,13,23,2,1,2
6.55,12,24,0,5,2
7.43,12,23,2,1,2
7.58,12,23,0,4,2
6.45,1,9,2,5,2
7.75,1,115,3,5,0
7.38,1,50,0,1,2
5.41,12,9,3,5,2
7.84,10,25,0,1,2
5.0,10,3,19,5,2
6.31,1,92,1,0,0
6.76,1,90,1,0,0
7.24,1,6,9,1,2
6.03,1,16,20,1,2
9.0,22,25,3,1,2
6.82,1,56,7,0,0
6.34,12,23,2,1,2
6.24,12,24,1,4,2
5.0,10,7,7,11,2
7.18,26,23,7,4,2
7.84,12,23,2,1,2
6.86,1,105,2,1,0
5.83,10,3,2,1,2
6.47,10,3,2,3,2
7.71,12,25,0,0,2
7.56,12,23,7,1,2
8.93,7,22,13,4,2
6.17,13,23,13,5,2
7.28,13,23,2,5,2
5.79,12,23,2,11,2
6.1,12,23,12,5,2
5.37,12,24,2,4,2
5.99,24,23,1,0,2
5.81,2,16,4,0,2
6.88,1,23,2,3,2
6.52,12,22,2,1,2
6.21,32,9,12,11,2
7.81,1,26,17,1,2
7.27,12,12,2,3,2
7.41,24,24,0,11,2
6.5,25,24,9,0,2
7.34,1,22,6,4,2
6.46,13,1,2,3,2
6.61,12,2,2,1,2
7.36,12,23,2,1,2
7.94,1,2,9,0,2
7.38,12,23,2,4,2
6.13,1,23,7,5,2
7.52,1,1,0,1,2
7.19,1,57,0,1,0
6.42,12,23,2,0,2
6.3,12,24,7,0,2
3.8,2,44,2,0,2
6.57,1,24,19,0,2
6.24,1,21,0,5,2
8.23,4,23,22,11,2
5.68,10,3,16,1,2
6.94,13,3,7,11,2
7.62,12,24,9,0,2
7.85,12,24,7,4,2
6.48,25,4,19,0,2
7.18,2,27,6,2,2
6.72,2,13,7,3,2
5.0,1,2,9,0,2
5.0,1,2,9,0,2
7.03,12,23,2,3,2
8.41,12,24,0,1,2
5.0,1,22,7,0,2
6.77,5,11,0,0,2
5.0,85,40,2,3,2
7.23,2,16,20,1,2
6.83,24,23,0,0,2
6.58,1,24,22,0,2
8.15,1,93,2,4,0
5.38,12,5,3,1,2
5.85,5,14,0,5,2
7.29,12,23,7,0,2
5.0,10,19,13,10,2
7.73,1,2,2,1,2
7.56,13,13,1,1,2
7.38,1,26,1,1,2
5.78,1,24,0,1,2
8.22,1,90,3,5,0
7.77,1,101,9,5,0
5.0,3,1,0,5,2
6.28,10,23,6,11,2
6.3,13,4,18,0,2
4.01,12,3,8,4,2
5.55,9,3,2,0,2
7.13,1,109,1,1,0
7.42,12,23,7,3,2
6.61,6,24,1,11,2
8.59,12,23,0,1,2
7.65,13,11,23,6,2
8.14,12,24,15,1,2
8.0,25,24,0,4,2
7.8,1,110,0,1,0
6.65,1,23,17,5,2
5.0,13,4,2,0,2
4.83,12,5,7,0,2
6.71,1,27,20,2,2
7.42,12,24,7,11,2
7.15,12,23,0,1,2
5.7,12,23,0,0,2
8.19,12,23,1,11,2
8.57,13,23,1,0,2
6.58,1,135,0,0,0
8.53,13,23,0,1,2
7.19,12,23,0,0,2
8.08,1,111,0,0,0
7.33,24,24,0,0,2
8.45,1,115,3,0,0
8.17,24,22,0,1,2
7.77,12,23,7,1,2
6.99,2,45,0,2,2
6.65,13,3,7,3,2
7.41,12,23,0,5,2
5.0,10,3,2,0,2
5.98,2,21,20,1,2
6.92,12,23,2,4,2
6.04,24,1,1,1,2
6.79,12,24,0,1,2
7.24,1,99,0,1,0
5.0,6,1,2,5,2
5.47,24,23,0,1,2
7.05,1,21,17,0,2
7.96,11,22,2,11,2
4.47,12,3,9,6,2
7.55,51,23,0,1,2
7.18,1,32,0,0,2
6.53,12,23,1,2,2
6.87,16,23,1,5,2
5.4,10,23,17,4,2
5.05,12,3,0,0,2
5.68,12,23,4,5,2
5.65,12,23,14,0,2
6.72,1,25,20,2,2
6.48,24,24,0,9,2
6.47,26,24,0,5,2
5.0,12,23,13,5,2
7.83,12,23,0,1,2
5.41,23,23,1,1,2
6.03,1,8,2,1,2
6.3,12,23,0,5,2
7.63,10,23,5,11,2
6.63,12,24,0,0,2
5.12,12,23,4,1,2
7.41,1,24,5,11,2
6.87,12,12,7,1,2
5.0,1,3,9,9,2
5.63,1,4,9,0,2
7.65,12,23,17,1,2
5.67,1,5,9,9,2
5.2,1,5,9,9,2
8.59,1,108,3,5,0
5.54,1,7,9,9,2
5.25,1,2,9,9,2
5.0,1,3,9,9,2
7.75,3,25,0,5,2
6.43,12,12,2,11,2
6.17,12,24,13,1,2
5.0,25,2,16,0,2
6.39,1,15,20,1,2
7.17,24,24,0,0,2
7.01,12,15,1,5,2
7.68,21,16,0,11,2
5.0,12,14,0,5,2
5.76,3,2,4,0,2
7.17,1,34,9,5,2
6.5,1,100,0,0,0
6.14,12,5,2,0,2
5.59,12,4,15,12,2
7.73,1,58,22,1,0
7.52,6,23,2,9,2
7.2,1,30,20,2,2
6.22,10,12,0,1,2
5.99,1,28,9,9,2
5.0,2,53,23,0,2
5.83,12,23,21,11,2
6.59,26,7,2,6,2
6.48,12,24,3,1,2
6.38,13,7,2,11,2
8.4,2,23,7,1,2
4.5,10,5,0,5,2
6.69,15,16,0,11,2
6.64,10,12,17,5,2
8.21,12,23,2,1,2
6.98,1,15,4,6,2
5.64,12,23,2,0,2
6.13,12,24,0,4,2
7.32,12,11,2,11,2
5.0,1,2,9,0,2
7.97,4,25,0,5,2
8.09,4,25,0,5,2
8.22,4,25,0,5,2
6.35,12,15,4,11,2
6.54,12,23,0,4,2
6.76,26,23,0,4,2
8.25,25,23,0,1,2
7.22,1,98,0,0,0
6.48,12,1,2,1,2
7.55,13,23,2,0,2
7.57,24,24,0,4,2
7.07,12,23,0,4,2
6.71,12,24,9,9,2
6.36,6,3,0,0,2
7.32,12,20,0,5,2
6.8,3,3,3,0,2
6.53,13,2,2,3,2
5.35,12,23,0,4,2
6.53,12,24,0,1,2
6.03,6,28,0,2,2
6.2,20,24,0,4,2
7.49,12,24,0,11,2
5.34,1,23,0,2,2
5.98,12,24,3,1,2
6.4,1,25,9,5,2
6.78,76,24,0,6,2
6.89,12,23,9,0,2
8.41,1,104,7,1,0
7.29,1,15,2,0,2
6.38,1,1,4,5,2
7.51,15,15,2,1,2
7.04,12,23,21,1,2
5.0,115,24,4,0,2
6.52,1,56,0,1,0
7.92,13,24,0,0,2
7.49,25,24,2,1,2
6.64,1,105,2,1,0
5.88,2,58,17,1,0
6.78,12,23,1,5,2
7.72,49,24,0,0,2
5.63,1,1,9,0,2
5.0,47,30,2,0,2
6.3,1,4,7,3,2
4.91,10,23,2,4,2
7.13,12,24,4,4,2
8.45,24,22,0,1,2
7.33,12,25,1,1,2
7.58,13,24,14,4,2
6.71,12,25,7,5,2
5.69,12,22,0,1,2
6.6,1,93,0,0,0
6.94,1,59,0,4,0
6.87,4,7,4,0,2
7.76,1,2,0,1,2
7.59,12,23,2,0,2
6.26,1,3,9,9,2
5.0,24,15,0,1,2
7.06,12,23,2,1,2
6.06,12,3,7,1,2
7.22,2,27,20,2,2
5.0,1,35,1,0,2
7.5,26,23,3,5,2
6.46,1,16,20,1,2
5.0,1,25,1,0,2
6.33,26,22,0,11,2
5.0,1,3,9,9,2
5.0,1,4,9,9,2
5.0,1,3,9,9,2
5.0,10,2,0,5,2
6.36,12,4,7,0,2
6.84,10,15,17,5,2
6.69,12,15,17,5,2
6.78,12,22,22,1,2
5.91,12,8,2,0,2
7.13,12,23,7,1,2
6.68,1,101,0,0,0
6.86,12,23,2,3,2
7.54,8,14,2,1,2
7.47,26,17,2,1,2
6.21,1,24,0,5,2
6.82,1,23,13,0,2
6.03,12,23,0,5,2
6.81,1,6,7,1,2
8.81,12,24,0,1,2
5.54,12,6,15,11,2
5.0,1,2,9,0,2
5.21,10,5,15,6,2
7.23,15,19,6,11,2
5.0,8,15,4,6,2
5.0,1,57,4,6,0
6.17,1,82,0,0,0
6.0,1,40,0,0,2
6.75,13,23,0,1,2
6.93,10,24,2,1,2
6.52,13,23,0,4,2
7.37,12,24,2,0,2
7.7,1,96,0,1,0
6.64,12,23,2,11,2
7.47,12,23,0,11,2
7.7,10,15,7,6,2
6.94,11,23,2,11,2
7.61,42,16,0,1,2
7.42,52,22,0,1,2
7.32,1,98,1,0,0
5.58,12,3,2,1,2
5.72,12,12,2,0,2
8.1,1,100,0,1,0
8.08,12,24,15,1,2
7.08,4,23,6,1,2
7.41,2,15,0,1,2
6.17,8,3,2,5,2
6.56,1,16,20,1,2
5.43,12,23,0,1,2
6.8,39,1,2,11,2
8.22,1,71,2,1,0
6.19,1,2,0,1,2
5.98,12,15,0,5,2
8.5,6,28,13,4,2
7.6,24,23,14,1,2
5.0,1,1,0,1,2
5.73,6,4,15,6,2
7.26,50,23,13,5,2
7.61,1,100,9,0,0
7.24,1,24,7,1,2
7.82,13,13,7,1,2
6.51,12,24,2,0,2
6.45,12,11,3,5,2
8.28,1,98,0,4,0
8.31,3,27,0,5,2
7.33,12,24,3,1,2
6.84,2,15,20,2,2
8.32,1,34,3,4,2
8.41,12,24,7,1,2
6.43,12,13,9,1,2
5.0,25,24,1,1,2
7.23,97,23,2,1,2
7.64,13,23,2,1,2
7.85,26,20,0,5,2
5.99,12,24,0,5,2
5.0,8,30,9,0,2
8.19,12,23,2,1,2
5.48,2,5,15,6,2
5.86,1,25,7,0,2
7.42,12,23,13,11,2
6.14,12,12,3,5,2
7.06,12,19,0,5,2
6.95,12,20,0,5,2
6.87,21,24,0,6,2
7.1,50,24,9,5,2
6.93,12,23,2,3,2
6.76,1,85,3,1,0
8.5,15,24,0,5,2
6.73,20,20,5,5,2
6.98,12,23,2,4,2
6.97,12,24,0,0,2
6.54,12,23,0,5,2
5.0,2,4,0,5,2
6.31,25,24,0,0,2
6.45,12,23,0,5,2
5.23,12,3,2,11,2
6.93,13,24,14,1,2
5.66,8,5,17,5,2
5.0,1,51,1,0,2
5.7,12,24,4,9,2
6.4,9,3,2,1,2
6.86,12,15,1,5,2
7.07,12,23,17,0,2
5.47,13,3,15,11,2
6.58,49,24,2,5,2
5.0,26,12,7,0,2
7.14,24,23,2,1,2
6.5,24,22,0,1,2
7.24,12,24,0,4,2
7.44,1,82,0,4,0
7.46,12,23,0,4,2
5.0,13,1,2,0,2
5.0,32,9,12,11,2
5.12,12,24,0,5,2
8.52,24,22,5,1,2
5.67,1,3,9,6,2
6.13,12,22,0,1,2
6.86,12,23,2,4,2
7.17,3,26,3,0,2
7.35,50,24,2,1,2
7.65,1,118,17,5,0
6.39,7,1,7,3,2
7.54,11,22,0,0,2
5.0,40,5,1,0,2
8.07,24,23,17,4,2
6.56,24,12,2,5,2
7.95,24,22,3,0,2
6.13,12,22,0,0,2
6.38,11,23,0,5,2
7.12,1,1,0,0,2
7.48,1,1,0,0,2
7.74,1,67,0,0,0
5.75,12,23,17,4,2
7.09,36,24,0,1,2
4.18,12,4,0,0,2
7.08,10,26,0,4,2
8.38,13,24,2,4,2
7.1,18,23,21,4,2
7.47,12,24,0,1,2
5.96,12,23,9,0,2
6.7,12,23,0,1,2
7.14,23,24,2,5,2
8.86,14,24,0,1,2
6.87,13,24,0,0,2
7.55,13,24,3,0,2
6.77,1,90,0,0,0
6.53,1,23,0,4,2
5.54,13,23,0,0,2
8.84,13,24,0,11,2
7.43,1,95,0,1,0
6.89,12,24,3,1,2
8.19,24,24,0,1,2
8.71,24,24,0,1,2
6.48,13,23,13,1,2
6.81,12,24,13,5,2
6.09,10,24,0,5,2
5.0,12,5,2,1,2
6.47,12,23,0,0,2
6.53,16,17,1,11,2
7.04,12,23,0,0,2
5.78,13,23,0,4,2
7.23,12,23,0,0,2
7.1,12,23,2,3,2
5.77,12,24,0,5,2
6.66,2,26,2,1,2
6.63,12,24,9,6,2
6.66,8,1,7,0,2
7.38,13,23,2,1,2
7.51,12,23,2,3,2
7.28,12,21,1,5,2
6.19,24,11,22,5,2
5.0,24,12,14,5,2
6.91,3,18,0,0,2
6.4,11,4,2,0,2
6.17,12,24,0,5,2
6.01,12,24,7,1,2
5.83,1,7,17,5,2
5.27,3,14,2,1,2
6.29,1,23,0,0,2
7.95,13,23,0,4,2
7.55,1,94,2,5,0
7.51,1,103,0,0,0
7.26,12,24,2,3,2
6.88,1,24,0,4,2
6.97,12,23,7,1,2
6.47,25,15,19,1,2
5.38,12,23,0,4,2
6.3,33,26,2,1,2
6.64,1,90,0,5,0
5.48,12,23,0,11,2
7.69,1,31,7,1,2
8.65,12,22,4,1,2
5.81,1,1,18,0,2
7.93,13,24,22,1,2
5.0,26,23,1,0,2
6.33,12,24,0,1,2
7.74,1,2,2,0,2
6.03,13,24,0,1,2
7.08,1,30,20,2,2
4.65,12,23,0,5,2
7.59,13,24,9,0,2
8.05,13,23,9,6,2
7.18,1,22,0,1,2
6.15,13,4,18,0,2
6.73,12,13,17,5,2
6.73,12,13,17,5,2
6.12,12,12,17,5,2
6.27,1,90,0,0,0
5.0,20,1,7,1,2
6.64,12,12,2,1,2
7.72,24,3,2,11,2
6.87,12,23,5,11,2
8.03,12,26,0,5,2
8.0,3,28,0,0,2
6.21,12,3,7,3,2
5.46,12,23,0,5,2
7.66,12,22,22,1,2
7.57,13,23,2,11,2
6.04,1,75,9,0,0
8.15,15,24,9,5,2
8.45,23,23,2,5,2
5.0,55,24,7,0,2
6.47,1,100,2,5,0
6.78,1,62,3,0,0
7.53,12,24,7,0,2
7.4,12,25,2,1,2
7.52,12,23,2,0,2
5.0,8,3,7,0,2
6.77,12,25,3,1,2
6.94,24,23,1,4,2
7.79,10,15,2,6,2
7.34,1,1,0,1,2
8.65,1,140,7,4,0
6.54,13,7,2,11,2
8.2,12,23,0,1,2
6.74,12,23,2,1,2
8.61,39,23,0,1,2
5.66,12,3,2,3,2
7.36,12,23,7,3,2
6.18,12,23,0,4,2
8.43,12,25,2,1,2
8.62,26,23,0,1,2
8.17,12,23,0,1,2
6.48,12,13,8,1,2
7.32,12,23,0,0,2
5.0,10,6,7,0,2
6.69,12,23,9,6,2
5.0,10,5,2,10,2
5.0,17,30,9,0,2
5.0,30,1,3,6,2
6.61,63,10,0,5,2
6.92,3,8,2,0,2
6.94,12,23,17,0,2
6.29,1,13,4,5,2
7.87,13,23,3,1,2
6.06,13,24,0,5,2
7.95,21,23,0,5,2
8.19,1,94,0,0,0
6.58,24,3,7,1,2
6.08,12,23,14,5,2
6.48,1,24,20,1,2
7.25,24,23,3,1,2
5.0,13,4,2,5,2
5.0,16,6,2,5,2
5.0,1,17,0,6,2
7.76,12,23,7,11,2
5.0,26,12,1,5,2
6.07,12,24,17,5,2
6.0,12,24,0,5,2
5.53,11,5,7,3,2
7.33,13,23,6,1,2
5.46,12,25,9,0,2
7.85,1,108,2,1,0
6.2,12,3,7,1,2
5.45,12,3,15,1,2
7.27,12,3,7,11,2
5.0,30,53,7,1,2
7.09,12,20,0,5,2
6.0,12,12,2,1,2
6.79,49,23,14,5,2
7.61,72,8,5,11,2
7.04,1,22,20,2,2
6.43,4,15,3,0,2
6.77,13,23,21,5,2
6.47,26,7,7,6,2
6.35,13,24,0,5,2
5.0,30,1,7,1,2
6.72,12,23,5,1,2
7.07,1,94,0,1,0
6.86,12,24,0,0,2
6.64,12,23,7,1,2
7.28,1,1,2,1,2
6.28,12,23,0,5,2
8.68,1,90,11,4,0
5.7,12,24,13,5,2
7.86,2,22,7,11,2
5.0,1,7,2,3,2
5.0,50,3,0,6,2
7.1,1,23,2,11,2
6.78,11,23,2,5,2
5.64,12,4,2,3,2
8.06,25,24,0,1,2
6.16,20,14,0,5,2
7.61,1,76,21,4,0
8.05,3,25,2,1,2
6.33,3,30,0,1,2
5.53,2,3,17,5,2
7.65,40,7,0,5,2
8.43,8,24,0,5,2
6.81,1,30,20,2,2
7.45,12,12,2,0,2
8.61,13,23,7,1,2
7.19,12,3,7,1,2
7.18,12,23,11,1,2
8.25,25,24,0,1,2
7.39,12,23,6,4,2
6.72,16,15,0,1,2
7.58,12,24,0,5,2
5.0,2,2,9,0,2
5.0,1,5,9,0,2
9.1,10,23,0,1,2
7.43,12,19,0,5,2
6.19,12,23,7,3,2
7.01,1,111,1,1,0
7.48,12,19,2,1,2
6.06,12,23,8,0,2
7.49,12,24,2,4,2
5.94,12,24,17,4,2
5.54,12,23,1,4,2
7.25,49,24,0,0,2
5.0,4,3,9,0,2
7.52,1,95,3,0,0
6.38,1,22,0,5,2
6.47,12,13,2,1,2
7.71,12,24,2,11,2
6.32,15,24,0,0,2
5.78,1,25,1,1,2
7.3,11,26,0,1,2
7.54,12,23,0,4,2
6.6,1,13,0,5,2
8.1,12,23,0,1,2
6.23,12,23,9,9,2
7.68,24,23,0,1,2
6.14,12,12,3,5,2
8.2,25,23,2,1,2
5.0,16,21,0,0,2
8.34,24,24,4,1,2
6.51,12,24,1,0,2
7.2,1,30,20,1,2
6.15,26,10,0,5,2
6.83,1,92,0,1,0
5.0,1,18,2,1,2
8.23,52,24,2,1,2
6.55,12,25,1,1,2
7.22,26,19,0,5,2
6.72,12,17,0,11,2
7.5,12,24,2,1,2
7.36,12,23,7,11,2
6.17,1,23,2,1,2
7.82,1,109,0,1,0
6.78,12,12,2,1,2
6.15,1,3,17,0,2
7.41,12,12,7,3,2
7.59,12,23,0,4,2
5.97,8,6,3,1,2
7.28,1,22,7,6,2
7.61,1,97,4,0,0
8.41,1,114,7,0,0
6.19,12,23,0,4,2
6.08,12,3,7,3,2
5.3,12,23,0,5,2
5.42,12,24,2,0,2
2.18,12,23,0,1,2
5.7,12,24,0,5,2
7.27,2,30,20,1,2
8.39,13,24,2,1,2
8.43,13,23,3,1,2
6.14,13,23,5,4,2
4.46,1,22,16,1,2
7.74,16,20,2,11,2
6.89,26,26,0,5,2
6.51,12,23,0,0,2
7.12,1,24,14,4,2
6.76,12,23,7,2,2
6.57,12,4,15,0,2
7.11,1,24,17,4,2
7.36,13,23,17,4,2
6.74,3,23,0,1,2
6.07,1,4,9,0,2
6.52,1,115,1,8,0
7.83,10,20,12,5,2
7.35,12,23,2,11,2
8.15,12,23,7,1,2
6.96,12,24,13,1,2
6.07,7,24,7,0,2
7.39,12,25,0,5,2
7.36,12,24,2,11,2
6.69,12,23,2,1,2
5.0,50,2,9,0,2
5.0,51,24,0,0,2
7.42,11,23,2,11,2
7.24,2,15,20,1,2
5.81,12,23,0,0,2
7.68,12,24,7,3,2
7.31,3,25,0,5,2
6.0,48,5,23,1,2
7.14,12,23,7,5,2
6.7,13,13,0,5,2
6.4,12,24,2,1,2
8.05,12,22,7,1,2
7.7,23,23,2,1,2
8.16,12,28,4,1,2
6.41,12,23,0,1,2
6.03,12,24,0,0,2
5.0,16,3,7,0,2
6.15,2,27,0,6,2
6.85,1,102,1,5,0
7.06,13,23,0,5,2
6.17,13,20,0,11,2
6.01,1,4,9,6,2
7.04,12,23,17,4,2
6.6,12,23,2,4,2
6.44,8,3,2,1,2
7.63,21,24,0,6,2
7.4,12,3,7,11,2
6.87,12,23,7,3,2
6.75,13,24,17,0,2
6.62,12,13,1,1,2
7.02,13,23,0,1,2
8.03,14,23,7,4,2
7.54,8,45,0,0,2
7.5,1,10,11,1,2
6.55,25,23,0,5,2
6.34,12,23,17,4,2
5.75,2,20,20,1,2
4.69,12,22,14,1,2
7.05,12,23,1,1,2
8.32,11,22,3,1,2
7.78,12,24,2,1,2
8.37,11,23,3,4,2
6.89,12,24,0,1,2
6.53,1,1,4,1,2
8.46,12,24,7,4,2
5.0,4,1,7,0,2
8.08,1,104,0,1,0
6.03,12,23,0,0,2
7.53,1,106,3,0,0
8.08,9,23,2,1,2
5.0,13,15,1,5,2
7.82,12,23,1,11,2
7.19,1,85,0,4,0
6.03,12,24,13,5,2
6.63,12,23,14,0,2
5.87,1,109,12,0,0
7.45,8,23,2,1,2
8.5,13,26,21,4,2
6.52,12,23,7,11,2
7.63,12,23,0,4,2
6.77,12,23,9,3,2
7.15,1,47,13,1,2
7.49,11,22,4,1,2
7.66,1,72,9,0,0
5.57,50,24,0,0,2
5.0,26,5,2,10,2
7.16,1,26,0,5,2
6.84,1,26,20,2,2
7.62,1,24,0,0,2
5.0,1,3,9,9,2
7.34,6,30,0,0,2
6.85,12,14,7,0,2
5.0,12,4,7,0,2
7.7,13,23,9,0,2
6.41,24,24,0,1,2
7.02,12,23,7,1,2
8.4,1,91,7,4,0
8.05,12,24,6,1,2
7.21,12,24,7,4,2
8.17,12,25,1,1,2
5.89,12,23,6,1,2
7.36,24,23,0,1,2
8.35,12,24,7,1,2
6.39,12,23,0,0,2
5.93,13,4,18,0,2
5.3,1,2,5,0,2
5.0,1,2,23,0,2
5.0,1,2,9,0,2
5.0,1,2,9,0,2
5.0,1,2,9,0,2
5.0,1,2,23,0,2
5.0,13,23,0,1,2
7.76,12,24,15,1,2
6.9,11,23,7,0,2
6.85,1,6,9,6,2
6.83,12,23,0,1,2
6.31,12,3,7,3,2
6.0,8,3,2,11,2
5.73,12,23,14,1,2
7.38,12,11,2,0,2
6.92,1,10,0,0,2
7.36,13,23,6,1,2
7.58,12,23,2,1,2
9.17,16,23,0,1,2
7.9,13,24,13,0,2
8.38,23,23,0,0,2
7.48,12,23,0,0,2
8.46,12,23,0,1,2
7.45,12,22,0,0,2
7.79,1,92,0,1,0
6.28,6,30,0,0,2
7.0,3,25,0,0,2
7.17,12,24,3,1,2
6.55,12,23,7,1,2
5.59,10,23,9,6,2
6.81,12,24,9,6,2
6.57,9,24,0,0,2
6.48,1,3,13,5,2
5.38,12,24,0,0,2
7.03,13,24,0,0,2
5.66,12,24,14,0,2
5.96,12,4,7,9,2
7.21,1,27,0,5,2
6.37,13,13,7,5,2
7.93,10,16,7,6,2
7.66,13,23,0,11,2
7.16,12,23,3,5,2
5.97,8,5,22,1,2
6.47,12,24,0,6,2
7.8,2,22,2,1,2
6.25,3,87,7,6,0
7.72,12,23,0,11,2
7.26,12,23,7,5,2
7.05,1,10,0,0,2
7.35,2,11,0,1,2
5.49,1,1,18,0,2
6.36,1,1,9,0,2
7.65,12,24,7,1,2
8.04,12,23,7,1,2
5.81,12,23,4,5,2
7.51,1,24,4,4,2
8.54,25,23,7,1,2
8.14,30,5,2,5,2
7.49,12,24,0,4,2
8.72,1,117,0,1,0
6.05,1,23,9,5,2
6.86,1,24,7,5,2
7.08,12,23,2,1,2
7.05,12,25,0,4,2
6.89,1,26,0,4,2
6.75,1,24,0,4,2
7.34,13,23,0,4,2
7.31,13,23,0,4,2
7.37,12,24,2,1,2
6.01,1,7,4,0,2
7.05,12,23,0,1,2
7.01,12,23,3,4,2
7.33,13,23,2,0,2
7.42,11,24,0,4,2
7.57,12,24,1,4,2
6.84,1,92,0,1,0
8.74,12,24,2,1,2
6.54,12,23,0,4,2
7.17,12,24,4,1,2
6.88,45,24,0,0,2
5.74,12,23,0,1,2
5.0,1,2,9,0,2
6.76,13,24,9,0,2
6.41,12,23,7,5,2
6.3,1,6,9,5,2
6.51,12,23,2,4,2
8.02,12,23,7,1,2
8.33,11,25,0,5,2
7.46,52,8,0,5,2
7.24,13,20,0,5,2
6.76,8,7,15,1,2
8.54,24,23,0,1,2
6.22,12,24,15,4,2
6.59,3,23,0,5,2
6.91,12,23,9,5,2
5.55,1,23,2,3,2
8.57,12,23,2,1,2
5.0,1,10,2,0,2
5.87,12,23,0,5,2
5.0,1,4,9,0,2
6.75,13,24,0,6,2
8.16,12,23,7,4,2
6.96,24,1,7,1,2
6.55,1,8,6,11,2
7.37,12,24,2,1,2
6.15,1,23,0,4,2
6.35,16,8,14,0,2
8.29,11,24,4,1,2
7.63,26,3,9,1,2
7.88,3,46,0,0,2
5.0,1,4,18,0,2
7.62,13,24,9,6,2
6.55,2,30,0,5,2
8.09,13,23,0,1,2
7.56,12,23,0,1,2
7.28,48,7,0,11,2
7.97,11,23,13,1,2
6.54,1,24,9,6,2
7.0,12,8,8,3,2
7.65,1,70,2,4,0
6.08,9,14,0,5,2
7.55,13,24,0,0,2
5.71,1,23,0,5,2
7.78,24,24,0,1,2
7.14,12,23,1,4,2
5.0,20,24,2,0,2
7.2,4,19,0,5,2
7.03,24,23,13,2,2
6.77,66,23,0,6,2
7.56,11,23,13,5,2
7.39,1,104,2,0,0
5.0,1,3,9,0,2
5.0,1,108,1,10,0
7.17,1,5,9,6,2
6.86,1,26,20,2,2
5.0,22,15,0,1,2
7.5,17,18,0,5,2
6.95,12,24,1,5,2
7.05,12,23,7,1,2
6.46,12,7,2,11,2
5.0,1,2,1,10,2
5.0,1,2,0,5,2
6.03,1,4,3,0,2
5.0,1,70,9,5,0
6.86,12,23,1,4,2
6.2,1,1,9,5,2
7.02,1,11,9,6,2
5.88,8,3,15,1,2
5.94,1,23,16,1,2
6.83,13,23,0,11,2
5.0,10,5,7,1,2
7.07,13,23,0,11,2
6.45,12,23,0,1,2
7.96,12,23,2,1,2
6.53,12,23,4,5,2
5.74,26,44,2,4,2
6.02,24,3,1,0,2
7.1,160,8,0,5,2
7.75,12,23,0,0,2
7.18,3,21,0,1,2
5.71,1,26,0,5,2
7.16,24,24,0,1,2
5.0,12,6,7,0,2
6.73,12,23,9,5,2
7.38,12,25,0,5,2
5.0,1,3,9,0,2
5.0,1,3,9,0,2
6.22,11,23,0,4,2
5.66,12,3,1,3,2
7.33,13,23,21,1,2
5.0,12,20,0,0,2
5.0,1,4,23,0,2
5.0,100,13,2,1,2
7.57,13,23,0,1,2
5.0,1,3,9,0,2
5.0,1,3,9,0,2
5.0,1,2,23,0,2
5.0,16,19,13,10,2
5.0,13,19,13,10,2
5.0,13,19,2,10,2
6.49,12,23,2,11,2
6.82,12,20,0,5,2
5.73,2,30,20,2,2
6.47,12,24,0,4,2
6.86,24,24,0,0,2
5.0,12,18,9,0,2
5.0,1,1,2,0,2
6.86,12,24,3,0,2
6.04,1,2,9,0,2
6.25,4,1,3,11,2
5.69,4,1,13,0,2
6.13,40,10,3,1,2
7.68,1,2,0,1,2
5.95,1,82,19,5,0
5.0,4,5,7,0,2
6.55,1,4,0,5,2
5.0,12,17,0,5,2
6.66,1,4,2,5,2
7.11,64,7,0,5,2
5.81,9,44,2,4,2
8.64,12,28,21,4,2
7.35,6,30,0,0,2
6.44,1,16,20,1,2
5.0,12,5,7,0,2
7.42,25,23,2,1,2
5.58,12,11,15,1,2
7.47,1,29,4,4,2
5.0,12,6,7,1,2
5.76,2,24,5,9,2
5.66,42,45,2,1,2
5.0,1,13,7,1,2
5.61,3,5,22,1,2
7.32,1,23,6,1,2
5.0,10,4,2,0,2
5.72,12,3,2,11,2
5.0,1,4,9,0,2
5.7,1,23,0,1,2
5.63,8,3,22,1,2
6.36,1,20,0,0,2
5.0,1,4,0,0,2
5.0,1,2,23,0,2
5.0,1,2,17,0,2
6.71,1,27,20,2,2
5.0,1,4,23,0,2
5.0,26,23,0,0,2
5.0,26,23,0,0,2
7.01,1,9,9,0,2
5.0,1,2,23,0,2
6.21,1,23,0,5,2
5.0,1,4,7,0,2
6.86,12,23,2,1,2
5.78,12,3,2,1,2
6.15,4,2,17,11,2
6.37,13,1,2,1,2
5.0,1,8,9,0,2
8.6,13,23,7,1,2
6.99,48,8,0,11,2
7.96,12,23,2,0,2
5.0,1,54,0,5,2
5.0,12,14,7,0,2
5.76,1,3,2,11,2
6.6,13,2,2,1,2
5.0,1,29,20,2,2
5.0,1,1,7,0,2
5.0,1,3,9,0,2
8.32,12,23,21,0,2
5.0,1,4,18,0,2
6.43,12,30,2,4,2
5.98,1,18,20,2,2
7.09,1,6,23,5,2
6.98,1,4,9,0,2
5.0,1,2,23,9,2
6.19,1,1,3,0,2
5.0,1,2,23,0,2
5.0,1,2,23,0,2
5.0,8,5,2,10,2
6.12,8,3,22,1,2
6.59,1,11,0,0,2
7.98,1,22,12,5,2
6.75,1,3,9,0,2
5.0,16,28,0,5,2
5.0,20,5,2,0,2
5.87,1,24,0,0,2
5.0,1,4,0,0,2
5.0,9,2,9,0,2
5.0,1,3,0,0,2
6.05,12,23,7,6,2
5.0,40,7,0,5,2
5.0,40,7,17,0,2
5.0,16,20,0,1,2
6.52,1,23,2,0,2
