Score,Episodes,Duration_format,Rating_format,Genre_format,Producers_format,Studios_format,Name_format,Type_format,Source_format,cluster
8.78,26,24,0,0,0,206,0,0,0,2
8.39,1,115,0,1,0,0,1,1,0,2
8.24,26,24,1,0,1,182,2,0,1,2
7.27,26,25,1,1,2,206,3,0,0,2
6.98,52,23,1,2,2,299,4,0,1,2
7.95,145,23,1,0,2,126,5,0,1,2
8.06,24,23,1,0,3,1,6,0,1,2
8.15,24,27,1,1,4,2,7,0,1,2
8.76,74,24,2,3,5,182,8,0,1,2
7.91,220,23,1,0,6,3,9,0,1,2
7.9,178,22,1,0,7,259,10,0,1,2
7.94,26,23,1,0,2,122,11,0,1,2
7.42,24,24,0,0,8,4,12,0,1,2
7.76,22,23,2,1,3,182,13,0,0,2
7.95,69,24,1,0,6,206,14,0,1,2
7.51,26,24,1,1,9,5,15,0,1,2
8.32,26,24,1,1,2,171,16,0,0,2
7.45,1,104,0,3,10,15,17,1,0,2
8.51,1,87,2,3,2,15,18,1,0,2
8.49,25,25,2,1,5,6,19,0,1,2
8.29,1,82,2,1,0,15,20,1,1,2
8.73,4,30,0,1,6,5,21,2,1,2
8.31,94,25,1,0,6,5,22,0,1,2
7.56,1,91,0,3,3,126,23,1,1,2
8.17,1,124,2,1,11,55,24,1,1,2
6.98,26,24,1,2,0,146,25,0,0,2
7.32,5,30,1,0,0,62,26,2,1,2
7.35,24,24,1,0,0,62,27,0,1,2
6.31,3,30,2,1,12,72,28,2,1,2
7.26,26,24,1,0,13,0,29,0,1,2
7.14,24,23,1,0,10,1,30,0,1,2
7.1,1,105,0,1,14,7,31,1,1,2
6.53,26,22,0,1,6,146,32,0,26,2
5.91,13,24,0,2,15,8,33,0,0,2
8.31,26,25,0,0,11,182,34,0,1,2
7.05,26,23,2,3,16,62,35,0,0,2
7.43,26,24,1,0,9,182,36,0,1,2
7.66,24,23,0,1,12,4,37,0,1,2
7.2,26,23,1,0,17,8,38,0,1,2
6.77,26,24,1,3,12,9,39,0,2,2
6.62,12,23,2,0,12,10,40,0,1,2
7.44,12,24,1,0,8,11,41,0,1,2
7.65,12,24,1,0,9,11,42,0,1,2
7.98,26,24,1,0,12,1,43,0,3,2
7.58,24,24,0,1,11,4,44,0,1,2
7.38,23,24,1,0,18,4,45,0,1,2
6.35,25,24,1,1,0,206,46,0,0,2
7.65,24,24,0,0,17,4,47,0,4,2
8.07,12,24,1,0,3,78,48,0,4,2
7.96,13,24,0,1,17,78,49,0,4,2
7.65,26,25,3,0,6,50,50,0,1,2
7.3,25,24,1,1,13,8,51,0,0,2
7.42,13,25,1,0,19,12,52,0,0,2
7.99,13,25,1,0,19,12,53,0,0,2
7.09,24,23,2,0,12,13,54,0,2,2
7.78,43,25,1,1,20,206,55,0,0,2
8.03,12,25,1,3,21,206,56,2,0,2
7.9,6,27,1,3,0,206,57,2,0,2
6.79,1,52,1,3,20,206,58,1,0,2
7.3,13,30,1,3,0,206,59,2,0,2
7.92,50,24,1,3,20,206,60,0,0,2
6.66,47,24,1,0,20,206,61,0,0,2
7.68,1,119,1,3,20,206,62,1,5,2
6.76,51,24,1,3,20,206,63,0,0,2
7.72,49,24,1,1,22,206,64,0,0,2
7.76,3,30,1,1,0,206,65,2,0,2
7.32,39,24,1,3,20,206,66,0,0,2
7.79,50,24,0,1,20,206,67,0,0,2
7.22,50,24,0,1,20,206,68,0,0,2
7.7,50,24,1,1,20,206,69,0,0,2
7.56,49,24,1,0,20,206,70,0,0,2
7.82,26,24,1,1,13,4,71,0,0,2
7.46,26,23,1,0,0,206,72,0,0,2
7.31,26,24,1,0,12,206,73,0,0,2
7.2,13,23,1,0,17,72,74,0,1,2
7.32,12,24,1,3,10,78,75,0,2,2
7.48,26,25,1,0,23,102,76,0,1,2
7.39,74,24,3,0,24,126,77,0,1,2
7.23,24,21,0,0,0,3,78,0,1,2
7.23,13,24,1,0,6,5,79,0,1,2
7.29,3,30,1,0,6,5,80,2,1,2
6.81,24,23,1,0,22,4,81,0,0,2
6.83,52,25,1,0,25,14,82,0,0,2
4.95,8,14,1,0,26,15,83,0,0,2
7.38,26,23,1,1,19,8,84,0,0,2
7.93,26,12,1,0,13,15,85,0,1,2
6.83,13,25,1,0,27,62,86,0,0,2
6.97,26,23,1,0,2,62,87,0,0,2
7.32,7,34,1,0,27,62,88,2,0,2
6.85,4,30,1,0,27,62,89,2,0,2
6.56,13,14,1,0,28,380,90,0,2,2
7.69,26,24,1,0,2,5,91,0,1,2
8.17,51,24,1,0,6,0,92,0,1,2
7.96,52,24,1,0,7,5,93,0,1,2
7.64,52,23,1,0,2,3,94,0,1,2
6.49,13,24,1,0,12,373,95,0,0,2
6.91,13,24,1,0,12,9,96,0,0,2
6.96,24,25,1,0,29,4,97,0,26,2
7.59,50,23,0,0,2,3,98,0,1,2
7.61,49,24,1,0,11,5,99,0,1,2
6.21,12,24,2,0,8,16,100,0,2,2
7.42,13,24,0,1,3,182,101,0,1,2
8.11,75,23,1,0,2,3,102,0,1,2
8.42,62,23,1,1,3,14,103,0,1,2
6.14,12,23,0,4,22,9,104,0,1,2
6.87,12,24,1,3,11,17,105,0,1,2
7.11,13,24,3,3,10,299,106,0,2,2
7.61,26,24,1,0,2,1,107,0,1,2
6.76,12,24,2,0,10,18,108,0,0,2
7.24,14,23,2,3,12,89,109,0,2,2
6.86,12,24,1,1,0,1,110,0,1,2
7.66,50,24,0,1,6,15,111,0,0,2
7.12,3,46,2,0,23,299,112,2,1,2
7.28,24,23,0,1,22,4,113,0,0,2
8.06,45,25,1,1,30,3,114,0,5,2
7.78,64,23,1,0,2,8,115,0,1,2
6.59,1,97,0,1,10,182,116,1,1,2
7.43,24,24,2,1,0,182,117,0,1,2
6.98,26,23,1,0,19,8,118,0,1,2
7.34,13,24,1,3,13,5,119,0,4,2
6.34,24,23,1,2,9,1,120,0,1,2
7.66,13,25,0,2,31,62,121,0,0,2
7.33,24,24,0,0,22,4,122,0,1,2
6.94,26,24,3,0,32,182,123,0,1,2
6.48,26,20,1,0,33,3,124,0,26,2
8.72,1,135,1,1,34,123,125,1,0,2
7.42,26,23,1,1,3,0,126,0,0,2
7.48,26,26,1,4,35,4,127,0,6,2
7.41,24,23,1,0,17,0,128,0,4,2
7.38,26,24,1,1,36,206,129,0,0,2
6.91,12,24,0,1,10,1,130,0,2,2
8.53,101,23,1,0,22,299,131,0,1,2
7.23,25,24,1,0,37,5,132,0,1,2
6.93,24,23,0,0,22,182,133,0,1,2
6.63,26,25,1,1,13,3,134,0,1,2
6.19,4,28,1,5,38,12,135,2,2,2
7.55,26,25,1,1,11,146,136,0,1,2
7.18,26,24,3,0,4,19,137,0,1,2
7.21,13,22,1,1,18,4,138,0,0,2
7.42,13,22,1,1,18,4,139,0,0,2
7.7,26,24,1,2,2,206,140,0,0,2
7.39,39,24,3,6,39,122,141,0,1,2
6.37,12,23,1,1,40,299,142,0,26,2
8.29,26,25,1,1,3,126,143,0,1,2
8.12,13,23,1,1,3,20,144,0,1,2
7.89,1,105,1,1,41,5,145,1,1,2
7.14,24,23,1,0,2,8,146,0,1,2
7.25,3,30,1,0,19,8,147,2,1,2
7.34,1,46,1,0,36,8,148,3,1,2
6.8,24,24,2,0,42,1,149,0,4,2
7.55,5,30,2,4,0,21,150,2,0,2
7.17,12,23,1,0,0,10,151,0,0,2
6.88,12,25,1,0,12,10,152,0,0,2
6.55,24,15,2,0,26,182,153,0,1,2
7.35,24,23,2,1,22,4,154,0,0,2
8.83,1,125,1,3,43,123,155,1,0,2
7.21,6,29,2,0,24,15,156,2,1,2
7.82,26,23,1,1,0,0,157,0,0,2
6.75,5,30,2,2,44,22,158,2,2,2
8.5,26,24,0,0,3,23,159,0,0,2
7.16,27,24,1,1,17,62,160,0,5,2
7.4,13,25,0,1,9,182,161,2,5,2
7.67,3,33,1,1,6,5,162,2,4,2
7.55,26,25,1,0,6,1,163,0,4,2
7.76,161,24,2,0,3,5,164,0,1,2
6.86,1,84,1,0,45,24,165,1,0,2
5.94,1,48,1,0,46,0,166,1,2,2
7.52,26,23,1,0,19,8,167,0,0,2
6.77,1,79,0,0,2,8,168,1,0,2
6.65,2,30,2,0,44,22,169,2,0,2
6.68,13,25,2,0,47,22,170,0,0,2
8.0,153,24,1,0,3,299,171,0,1,2
6.48,64,23,1,0,3,299,172,0,1,2
7.56,13,25,2,1,48,22,173,0,1,2
8.03,6,25,1,0,19,15,174,2,0,2
7.65,26,25,0,7,6,5,175,0,0,2
6.92,12,24,0,0,40,25,176,0,1,2
7.02,27,24,0,0,5,299,177,0,1,2
6.18,26,12,1,0,19,26,178,0,1,2
8.16,70,25,1,0,11,182,179,0,1,2
6.69,26,24,3,5,2,190,180,0,1,2
6.64,26,23,1,0,20,3,181,0,1,2
8.09,50,24,1,3,6,0,182,0,0,2
7.36,42,23,1,1,3,3,183,0,1,2
8.17,24,24,0,3,29,4,184,0,5,2
7.66,12,25,1,0,12,27,185,0,1,2
6.45,11,23,2,0,12,28,186,0,1,2
7.42,13,23,0,0,5,182,187,0,1,2
7.02,13,22,1,0,6,5,188,0,1,2
8.7,43,25,0,0,6,3,189,0,1,2
7.27,51,24,1,0,11,5,190,0,1,2
6.68,12,23,1,0,24,182,191,0,1,2
7.85,167,24,1,0,49,206,192,0,1,2
7.55,150,23,1,0,3,299,193,0,1,2
7.7,78,25,1,0,25,5,194,0,4,2
7.07,26,24,1,3,1,146,195,0,0,2
7.84,26,23,1,0,0,29,196,0,1,2
7.83,6,26,1,0,0,29,197,2,1,2
7.65,7,26,1,0,0,29,198,2,1,2
6.45,13,24,2,8,48,1,199,0,1,2
6.23,4,30,0,3,50,182,200,2,1,2
6.67,13,23,1,0,51,30,201,0,1,2
6.84,13,24,1,0,4,30,202,0,1,2
6.83,3,30,1,0,51,30,203,2,1,2
8.75,75,23,1,0,5,182,204,0,1,2
6.8,12,23,1,3,52,1,205,0,26,2
7.87,26,25,0,1,53,182,206,0,26,2
8.03,6,29,2,0,24,24,207,2,1,2
7.8,366,24,1,0,6,3,208,0,1,2
7.5,13,23,0,1,3,4,209,0,1,2
6.7,26,25,1,4,29,4,210,0,0,2
7.31,26,24,1,1,1,146,211,0,0,2
6.75,12,24,1,3,27,1,212,0,1,2
7.22,24,23,2,1,54,4,213,0,0,2
5.91,9,15,2,0,26,15,214,0,0,2
7.18,12,24,2,0,9,18,215,0,1,2
7.17,14,24,2,0,27,18,216,0,1,2
6.75,51,20,1,0,2,50,217,0,26,2
7.15,13,24,0,2,43,102,218,0,5,2
6.83,51,23,3,0,2,126,219,0,1,2
5.74,3,27,1,0,12,31,220,2,2,2
7.3,50,23,1,1,6,102,221,0,1,2
7.03,12,25,1,1,22,50,222,0,1,2
7.05,25,22,1,4,55,102,223,0,1,2
7.44,24,25,1,1,56,50,224,0,1,2
6.73,51,23,1,0,52,182,225,0,1,2
6.59,13,24,1,0,51,6,226,0,2,2
7.69,13,26,1,1,0,206,227,0,4,2
6.85,26,24,1,3,41,2,228,0,1,2
6.73,16,4,3,0,32,182,229,0,0,2
5.93,13,24,2,0,42,98,230,0,0,2
6.3,13,24,1,3,42,98,231,0,0,2
6.73,38,25,1,0,0,182,232,0,1,2
6.72,12,25,1,0,17,50,233,0,1,2
6.6,12,23,1,0,0,146,234,0,1,2
6.61,4,33,1,4,0,146,235,2,0,2
6.77,4,30,0,1,0,299,236,2,1,2
6.92,48,7,3,0,0,6,237,0,3,2
7.57,1,106,1,0,0,62,238,1,0,2
5.39,4,18,2,0,57,3,239,2,1,2
7.26,13,24,2,0,18,182,240,0,0,2
6.94,26,25,1,2,0,32,241,0,0,2
6.16,13,24,1,0,12,98,242,0,0,2
7.02,26,24,1,3,14,182,243,0,1,2
6.87,13,24,1,3,0,200,244,2,1,2
6.73,10,23,1,0,46,19,245,0,0,2
6.02,3,30,2,0,51,380,246,2,1,2
6.56,2,26,2,1,44,22,247,2,0,2
6.0,12,23,2,0,29,89,248,0,0,2
7.83,12,24,0,0,6,182,249,0,1,2
7.68,13,24,2,3,53,182,250,0,0,2
7.69,47,25,1,0,53,206,251,0,0,2
7.0,25,24,1,3,2,122,252,0,1,2
7.27,4,22,0,7,9,182,253,0,1,2
6.02,10,24,3,3,27,6,254,0,0,2
8.31,26,25,1,3,0,206,255,0,1,2
7.28,13,24,2,0,12,3,256,0,1,2
7.61,45,23,3,0,18,14,257,0,1,2
7.19,38,23,3,0,2,14,258,0,1,2
7.49,76,24,1,0,58,299,259,0,1,2
7.29,26,24,1,0,2,5,260,0,1,2
6.46,13,24,1,2,59,146,261,0,2,2
6.24,24,11,1,0,19,33,262,0,1,2
8.33,40,24,1,3,34,55,263,0,1,2
8.03,13,23,0,3,2,34,264,0,0,2
7.59,26,23,1,1,2,122,265,0,1,2
7.25,25,23,1,3,6,1,266,0,1,2
7.0,13,24,1,3,46,1,267,0,4,2
7.37,20,25,1,3,25,50,268,0,1,2
7.67,12,25,3,3,8,3,269,0,1,2
6.66,22,24,1,1,6,146,270,0,26,2
6.45,13,13,3,0,48,8,271,0,0,2
7.21,51,24,3,0,58,299,272,0,0,2
7.34,49,24,3,0,58,299,273,0,0,2
7.34,50,24,3,0,58,299,274,0,0,2
7.59,51,24,3,0,58,299,275,0,0,2
5.63,12,14,2,0,26,16,276,0,0,2
7.51,24,24,1,1,60,1,277,0,4,2
7.34,24,24,0,1,42,5,278,0,2,2
6.59,4,25,0,0,60,72,279,2,4,2
6.99,6,27,2,3,40,299,280,2,4,2
6.3,2,30,1,1,6,35,281,2,1,2
6.24,12,23,1,2,4,50,282,0,26,2
7.47,37,25,1,9,6,102,283,0,1,2
5.94,7,30,2,0,0,89,284,2,0,2
7.05,3,24,3,0,7,126,285,2,1,2
6.65,6,30,2,10,61,106,286,2,2,2
7.17,12,24,2,3,5,182,287,0,4,2
6.55,13,25,1,0,62,215,288,0,0,2
7.64,1,81,1,0,0,182,289,1,1,2
8.22,1,82,1,0,0,182,290,1,1,2
6.7,6,28,1,0,10,77,291,2,1,2
6.53,12,23,1,0,10,19,292,0,0,2
7.19,1,25,2,3,5,22,293,3,1,2
6.73,6,25,1,0,0,19,294,2,0,2
6.64,1,62,1,0,0,36,295,1,0,2
7.5,26,24,0,0,1,1,296,0,1,2
7.16,3,28,1,0,0,3,297,2,1,2
6.37,4,28,2,0,63,26,298,2,1,2
7.03,24,13,1,0,0,182,299,0,26,2
7.05,13,22,2,1,3,4,300,0,1,2
6.65,26,23,0,2,64,50,301,0,1,2
7.27,41,24,1,0,58,19,302,0,1,2
7.99,13,24,1,2,3,98,303,0,6,2
7.83,52,23,1,6,2,122,304,0,1,2
7.42,6,30,0,1,60,171,305,2,0,2
7.22,26,23,1,3,19,122,306,0,1,2
6.82,4,30,1,2,65,36,307,2,26,2
8.45,112,24,1,0,3,3,308,0,1,2
7.08,1,97,1,2,21,206,309,1,0,2
7.16,12,23,1,0,10,1,310,0,1,2
7.08,13,23,2,1,3,4,311,0,1,2
7.72,13,25,1,1,0,206,312,0,4,2
7.84,10,25,1,1,0,206,313,0,4,2
7.7,2,37,1,1,0,206,314,2,4,2
7.26,1,2,1,1,0,206,315,3,4,2
7.87,24,25,2,0,20,206,316,0,1,2
8.0,2,42,0,3,66,5,317,2,1,2
6.62,12,14,2,0,26,10,318,0,1,2
6.75,6,26,2,0,24,62,319,2,1,2
6.91,1,48,0,7,6,15,320,1,0,2
7.76,45,25,1,0,11,3,321,0,1,2
7.33,1,25,1,1,67,182,322,3,26,2
7.28,26,24,1,1,68,37,323,0,0,2
6.56,12,24,2,0,9,18,324,0,1,2
2.23,1,19,0,4,69,38,325,2,2,2
7.19,1,104,3,0,70,123,326,1,3,2
7.98,1,93,3,0,34,123,327,1,1,2
6.47,26,24,1,1,65,135,328,0,26,2
6.92,26,24,1,0,19,5,329,0,1,2
6.68,1,90,0,4,9,39,330,1,1,2
6.66,13,23,1,0,0,89,331,0,0,2
6.73,2,30,1,0,0,89,332,2,0,2
6.85,6,26,1,0,0,89,333,2,0,2
7.18,24,25,1,0,71,206,334,0,4,2
6.44,2,26,1,0,10,14,335,2,1,2
6.12,4,30,1,0,67,182,336,2,26,2
7.94,51,23,1,0,2,15,337,0,0,2
7.52,1,24,1,0,72,4,338,2,0,2
7.88,1,50,1,0,37,4,339,2,0,2
7.57,1,105,1,0,6,0,340,1,1,2
8.67,1,119,3,2,70,123,341,1,5,2
7.07,6,27,0,1,0,181,342,2,0,2
5.55,1,42,2,1,73,62,343,2,0,2
7.46,20,24,1,0,74,55,344,0,1,2
8.48,1,80,2,3,75,182,345,1,5,2
6.54,3,30,0,1,51,40,346,2,2,2
6.14,2,45,1,2,10,77,347,2,1,2
8.2,39,23,1,0,2,1,348,0,0,2
7.6,1,90,2,2,76,1,349,1,0,2
7.1,1,82,1,0,6,3,350,1,1,2
7.32,1,21,0,0,12,10,351,2,0,2
6.73,25,23,1,1,77,215,352,0,0,2
7.66,1,99,1,0,78,206,353,1,1,2
7.8,1,98,1,0,78,206,354,1,1,2
6.16,1,26,2,0,79,146,355,2,0,2
6.94,26,25,1,0,80,1,356,0,0,2
8.69,26,25,1,2,39,41,357,0,1,2
6.24,3,27,2,0,4,6,358,2,1,2
7.17,1,55,1,0,24,299,359,1,1,2
6.99,1,55,1,0,81,299,360,1,1,2
7.59,1,95,1,0,81,299,361,1,1,2
7.7,1,91,1,0,3,299,362,1,1,2
7.28,1,94,1,0,24,299,363,1,1,2
8.45,26,25,0,1,0,15,364,0,1,2
7.82,1,99,0,4,0,15,365,1,1,2
7.17,24,23,1,0,17,1,366,0,1,2
6.6,13,25,1,3,51,6,367,0,2,2
6.66,12,23,1,1,12,373,368,0,0,2
7.72,4,39,0,3,71,34,369,2,0,2
7.34,12,24,1,3,6,42,370,0,4,2
7.69,13,24,3,2,2,72,371,0,1,2
7.11,26,24,1,1,29,21,372,0,0,2
7.76,51,23,1,0,82,5,373,0,1,2
7.47,224,23,1,5,7,126,374,0,1,2
7.16,180,23,1,0,2,126,375,0,1,2
7.35,24,23,1,1,29,0,376,0,0,2
7.29,26,5,3,0,83,215,377,0,3,2
8.34,13,24,0,1,8,2,378,0,4,2
6.68,13,23,2,0,12,28,379,0,1,2
7.66,12,24,1,0,10,10,380,0,3,2
7.4,12,26,3,0,6,43,381,0,0,2
7.45,26,24,1,0,19,18,382,0,1,2
6.86,1,90,0,1,27,62,383,1,0,2
7.08,1,92,2,1,27,62,384,1,0,2
6.71,26,25,0,0,10,8,385,0,1,2
6.63,1,132,1,2,17,182,386,1,5,2
6.13,3,45,1,1,84,62,387,2,0,2
6.17,1,79,0,5,85,182,388,2,5,2
7.27,51,24,3,0,2,72,389,0,0,2
7.34,23,24,1,3,4,44,390,0,1,2
6.96,2,26,0,0,6,184,391,2,1,2
6.97,296,25,3,0,2,102,392,0,1,2
6.81,13,25,1,0,27,17,393,0,0,2
5.89,13,24,1,0,86,22,394,0,2,2
6.19,13,25,1,0,87,28,395,0,26,2
8.31,1,125,1,2,70,123,396,1,0,2
6.85,3,36,0,3,6,10,397,2,0,2
7.7,358,23,1,0,2,206,398,0,1,2
7.75,2,25,1,0,4,122,399,2,1,2
7.34,26,23,1,0,19,1,400,0,1,2
7.04,52,24,1,0,88,36,401,0,1,2
7.54,1,109,1,3,0,182,402,1,1,2
8.31,1,86,3,0,89,123,403,1,0,2
7.04,1,25,2,0,12,10,404,2,0,2
6.98,26,23,1,2,5,15,405,0,0,2
7.17,6,30,1,3,1,15,406,2,1,2
7.34,276,24,1,0,2,6,407,0,26,2
7.63,1,85,1,0,2,6,408,1,26,2
7.18,13,24,0,3,53,4,409,0,1,2
7.68,46,24,1,11,22,299,410,0,1,2
7.85,38,24,1,3,22,299,411,0,1,2
7.76,26,22,1,0,2,33,412,0,4,2
8.04,26,24,1,0,2,33,413,0,4,2
7.3,1,66,1,0,17,1,414,1,4,2
5.27,2,28,0,1,90,5,415,2,26,2
6.87,26,23,1,0,27,62,416,0,0,2
7.66,6,29,2,0,27,62,417,2,0,2
7.66,6,33,2,0,27,62,418,2,0,2
7.32,6,30,2,0,5,62,419,2,0,2
7.89,1,102,0,1,10,182,420,1,4,2
6.78,1,103,1,1,47,34,421,1,1,2
6.0,13,12,1,3,65,98,422,0,2,2
7.21,27,24,1,0,7,299,423,0,1,2
7.79,54,24,1,0,3,299,424,0,6,2
7.07,13,23,0,0,10,1,425,0,1,2
6.79,24,15,2,0,8,6,426,0,0,2
6.3,12,15,2,0,8,6,427,0,0,2
6.11,3,15,1,3,8,6,428,2,0,2
6.7,4,15,1,0,8,6,429,2,0,2
8.25,26,25,1,0,25,30,430,0,1,2
6.35,1,15,1,3,91,0,431,2,0,2
7.4,1,51,1,1,19,15,432,3,0,2
6.88,25,24,1,4,9,182,433,0,26,2
6.44,3,31,1,4,8,98,434,2,26,2
6.68,12,23,1,0,10,182,435,0,1,2
6.56,2,30,2,0,1,1,436,2,0,2
7.35,1,126,1,1,92,206,437,1,0,2
7.11,4,33,1,0,0,182,438,2,1,2
7.53,26,24,1,1,0,206,439,0,0,2
7.1,26,24,0,4,1,62,440,0,0,2
7.87,26,23,1,0,5,171,441,0,4,2
6.07,6,29,1,1,27,62,442,2,0,2
7.35,25,25,1,0,2,45,443,0,0,2
5.74,6,24,1,2,0,206,444,4,5,2
6.38,13,24,1,0,12,190,445,0,1,2
6.21,13,24,1,2,93,28,446,0,1,2
6.84,10,4,3,0,94,3,447,0,6,2
6.25,2,33,2,0,0,89,448,2,0,2
7.71,48,8,0,0,0,215,449,0,1,2
7.62,24,25,1,3,12,21,450,0,0,2
8.23,1,111,3,3,70,123,451,1,1,2
7.45,11,23,0,2,18,299,452,0,6,2
7.52,6,24,1,0,8,50,453,0,4,2
5.96,2,28,2,0,95,17,454,2,1,2
8.04,21,23,1,1,22,299,455,0,1,2
6.62,12,24,1,0,6,50,456,0,4,2
6.93,26,23,1,2,53,102,457,0,26,2
7.48,26,23,1,3,2,206,458,0,0,2
6.84,1,22,1,2,17,182,459,2,1,2
7.0,1,6,1,0,10,182,460,3,1,2
7.33,1,32,1,0,19,1,461,2,1,2
6.52,7,29,1,0,10,46,462,2,0,2
7.0,49,24,3,0,96,299,463,0,0,2
7.12,26,24,3,0,0,3,464,0,0,2
6.71,26,23,1,0,2,3,465,0,0,2
7.12,13,24,1,0,0,182,466,0,0,2
6.45,1,85,1,4,17,15,467,1,2,2
7.1,2,30,2,3,53,89,468,2,1,2
6.29,12,24,2,0,0,18,469,0,2,2
6.53,13,25,1,0,48,8,470,0,4,2
6.34,13,24,1,11,29,1,471,0,0,2
6.62,5,24,1,0,27,78,472,2,0,2
6.72,35,24,1,2,2,126,473,0,1,2
7.61,1,94,2,2,10,182,474,1,0,2
6.7,13,24,0,5,97,182,475,0,0,2
7.06,13,24,0,2,2,102,476,0,1,2
6.94,12,25,2,0,0,62,477,0,2,2
6.72,25,24,1,0,2,2,478,0,1,2
6.04,12,14,2,0,32,5,479,0,1,2
8.27,26,25,1,0,25,30,480,0,1,2
7.07,6,28,1,0,0,19,481,2,0,2
7.13,13,24,0,3,22,2,482,0,1,2
6.67,13,25,1,0,0,182,483,0,0,2
6.87,13,25,1,0,13,182,484,0,0,2
6.63,16,8,2,0,9,1,485,0,1,2
7.98,1,77,3,6,18,3,486,3,1,2
6.8,12,23,2,0,46,10,487,0,1,2
7.27,3,29,1,0,11,6,488,2,1,2
7.18,9,24,1,0,0,182,489,0,0,2
7.31,26,24,1,0,0,182,490,0,0,2
7.22,13,24,1,0,12,182,491,0,26,2
7.33,2,24,1,0,8,78,492,3,2,2
7.94,26,23,0,9,5,182,493,0,1,2
7.03,1,6,3,0,17,1,494,3,3,2
7.18,7,30,2,2,24,24,495,2,1,2
7.35,6,35,0,2,24,24,496,2,1,2
6.67,12,24,1,0,12,30,497,0,1,2
5.81,13,25,2,0,28,47,498,0,1,2
6.12,3,25,1,0,12,27,499,2,6,2
6.83,12,24,1,3,98,28,500,0,2,2
5.16,1,24,1,0,29,28,501,2,2,2
6.56,12,22,1,0,12,190,502,0,0,2
6.44,13,24,1,3,59,6,503,0,2,2
6.99,52,24,1,0,11,3,504,0,1,2
6.72,12,23,1,3,0,72,505,0,0,2
6.95,1,24,1,3,0,72,506,3,0,2
7.15,26,25,0,1,4,62,507,0,1,2
7.48,124,25,1,0,99,182,508,0,1,2
6.19,12,24,0,0,46,62,509,0,0,2
6.78,24,24,1,0,100,380,510,0,2,2
7.44,26,23,1,0,2,62,511,0,0,2
6.52,13,24,1,0,101,98,512,0,2,2
6.44,4,7,1,0,51,6,513,3,2,2
7.57,26,24,1,4,102,373,514,0,5,2
7.34,9,13,1,0,9,18,515,0,1,2
7.26,1,91,1,3,65,299,516,1,2,2
6.45,3,30,1,0,9,1,517,2,1,2
6.46,16,7,2,0,9,1,518,0,1,2
7.14,2,54,2,3,103,62,519,2,4,2
8.15,38,16,1,0,104,72,520,0,0,2
8.12,1,67,3,3,105,299,521,14,14,2
7.08,1,80,2,1,10,19,522,1,4,2
5.89,1,30,2,3,106,1,523,2,1,2
7.28,102,24,1,0,2,48,524,0,1,2
7.69,43,24,1,11,22,299,525,0,1,2
6.75,1,30,2,0,107,32,526,2,1,2
6.54,20,25,3,0,108,62,527,0,7,2
6.03,2,30,2,0,109,17,528,2,4,2
6.76,2,30,2,3,65,28,529,2,1,2
6.92,12,12,3,0,0,5,530,0,1,2
4.96,1,27,2,3,110,1,531,2,1,2
7.03,36,25,1,2,25,102,532,0,8,2
7.04,1,2,1,1,29,0,533,1,0,2
8.29,1,92,1,0,18,182,534,1,0,2
5.02,3,14,1,0,26,15,535,3,0,2
6.05,1,24,1,0,17,50,536,2,2,2
6.09,1,46,0,0,111,62,537,2,0,2
6.37,4,27,2,0,111,62,538,2,0,2
7.37,1,23,1,3,112,49,539,2,0,2
6.69,13,24,1,2,46,146,540,0,2,2
6.19,4,30,1,0,0,3,541,2,0,2
6.61,12,25,1,0,48,1,542,0,1,2
8.4,10,50,0,1,46,182,543,2,1,2
7.87,1,94,1,0,82,102,544,1,1,2
6.66,25,25,1,3,36,206,545,0,0,2
6.47,13,23,0,0,11,50,546,0,1,2
7.14,2,48,1,0,16,46,547,2,6,2
4.39,2,30,1,0,48,1,548,2,1,2
6.93,6,25,1,2,8,50,549,0,4,2
7.92,23,25,0,4,46,23,550,0,0,2
6.14,1,2,2,1,70,206,551,1,1,2
7.96,1,1,1,0,10,15,552,1,1,2
7.79,39,25,1,3,25,162,553,0,1,2
6.69,3,14,2,0,26,10,554,2,1,2
7.42,12,23,1,3,12,1,555,0,0,2
6.48,13,24,1,0,1,5,556,0,1,2
6.85,13,23,1,0,17,34,557,0,0,2
8.54,26,25,0,1,0,15,558,0,1,2
6.54,3,28,2,0,10,8,559,2,1,2
6.44,24,14,1,0,10,50,560,0,1,2
6.83,13,26,1,3,0,21,561,0,0,2
8.16,291,24,1,0,3,299,562,0,1,2
7.49,1,30,1,0,7,259,563,1,1,2
7.36,1,65,1,1,24,15,564,1,1,2
5.58,6,26,2,0,48,98,565,2,0,2
6.21,12,24,2,0,99,18,566,2,1,2
6.32,1,49,2,11,82,50,567,2,1,2
9.07,110,26,0,3,99,41,568,2,5,2
7.57,1,52,3,1,3,20,569,2,1,2
7.33,2,27,2,1,3,20,570,2,1,2
5.84,2,29,2,10,113,338,571,2,0,2
6.68,2,30,2,10,44,51,572,2,2,2
7.08,24,24,1,0,9,1,573,0,0,2
5.78,24,25,2,4,86,184,574,0,0,2
6.4,13,23,1,0,114,4,575,0,0,2
6.98,1,33,1,0,2,3,576,3,1,2
6.43,26,23,1,0,19,380,577,0,4,2
6.07,13,24,0,3,83,52,578,0,1,2
6.59,12,24,1,0,12,53,579,0,1,2
6.05,16,6,2,0,9,34,580,0,1,2
7.16,10,30,1,0,43,20,581,2,1,2
7.32,51,24,1,2,6,182,582,0,0,2
8.03,26,24,1,0,20,122,583,0,1,2
6.21,1,23,0,4,22,9,584,2,1,2
7.88,14,23,1,0,12,78,585,0,4,2
6.55,13,26,1,0,46,190,586,0,2,2
8.2,26,23,1,0,5,0,587,0,1,2
6.13,12,25,0,0,46,87,588,0,2,2
7.31,26,25,1,3,12,182,589,0,6,2
7.67,26,23,0,1,12,6,590,0,2,2
7.53,25,24,2,0,11,299,591,0,1,2
6.95,48,23,1,0,3,299,592,0,0,2
6.76,12,24,1,0,115,6,593,0,26,2
8.01,24,24,1,0,11,15,594,0,1,2
6.58,12,24,1,0,48,22,595,0,1,2
6.7,48,24,1,4,20,206,596,0,0,2
7.21,1,33,1,0,19,72,597,1,4,2
7.33,1,1,1,0,17,1,598,1,4,2
7.34,1,59,1,0,2,1,599,1,4,2
7.33,1,1,1,0,0,1,600,1,4,2
6.87,2,27,2,0,17,15,601,2,1,2
7.09,40,9,1,0,53,39,602,0,0,2
6.91,26,24,1,2,2,146,603,0,0,2
7.62,51,25,1,0,3,299,604,0,0,2
7.79,1,104,0,0,116,39,605,1,1,2
7.07,29,24,1,1,50,19,606,0,26,2
8.46,47,23,2,0,24,182,607,0,1,2
7.35,26,23,1,1,2,206,608,0,0,2
7.46,26,24,1,2,0,5,609,0,0,2
7.58,22,24,1,0,11,62,610,0,1,2
7.21,1,94,1,0,10,3,611,1,1,2
6.88,1,85,0,1,82,54,612,1,1,2
7.69,1,71,1,2,70,5,613,2,0,2
6.4,12,24,1,1,0,8,614,0,1,2
8.05,12,24,0,1,46,182,615,0,1,2
7.82,49,25,3,4,1,206,616,0,0,2
7.55,1,55,1,0,97,299,617,1,1,2
7.02,12,24,1,0,22,5,618,0,1,2
7.35,3,7,1,0,6,0,619,2,1,2
6.38,13,23,1,4,0,21,620,0,0,2
6.34,13,24,1,0,48,22,621,0,0,2
7.04,55,24,1,5,3,3,622,0,1,2
7.56,26,24,2,0,9,30,623,0,1,2
7.23,26,24,1,3,7,5,624,0,1,2
6.58,13,24,0,0,47,50,625,0,1,2
7.08,1,46,2,1,16,62,626,2,1,2
8.96,201,24,1,0,6,206,627,0,1,2
6.65,13,24,1,3,53,6,628,0,1,2
6.44,1,27,1,0,27,78,629,3,0,2
6.65,2,24,1,0,46,171,630,2,0,2
6.63,52,24,1,4,117,4,631,0,6,2
7.05,49,24,1,1,0,206,632,0,5,2
6.98,39,25,1,3,6,206,633,0,0,2
6.06,1,11,1,0,48,10,634,2,1,2
7.95,26,24,0,7,20,5,635,0,2,2
7.27,24,24,0,1,35,4,636,0,6,2
6.88,1,97,1,0,91,3,637,1,1,2
6.6,1,66,1,1,0,46,638,2,1,2
7.27,26,23,1,0,19,12,639,0,4,2
6.98,12,24,2,0,12,55,640,0,0,2
6.77,13,24,1,0,46,72,641,0,4,2
6.43,12,24,1,2,8,182,642,0,1,2
7.89,6,30,2,0,53,46,643,2,0,2
7.64,142,24,3,0,3,14,644,0,1,2
7.26,11,22,0,1,18,0,645,0,1,2
6.68,44,24,1,4,57,299,646,0,0,2
7.94,39,25,1,0,25,182,647,0,4,2
7.17,25,24,1,1,0,21,648,0,0,2
7.36,26,24,1,3,118,14,649,0,5,2
7.33,26,20,1,3,118,14,650,0,5,2
7.1,35,25,1,0,6,55,651,0,26,2
8.2,26,24,3,2,2,72,652,0,1,2
5.54,8,13,2,0,26,15,653,0,0,2
7.99,109,25,0,1,3,299,654,0,1,2
7.6,26,25,1,1,25,146,655,0,1,2
7.37,47,23,1,1,2,236,656,0,1,2
7.0,50,24,3,1,18,162,657,0,1,2
6.7,2,30,2,7,106,56,658,2,2,2
6.58,24,24,1,4,20,4,659,0,0,2
7.35,2,29,3,4,6,32,660,2,1,2
7.16,2,32,2,4,66,32,661,2,1,2
6.55,1,90,1,1,119,184,662,1,26,2
5.84,3,29,2,0,12,17,663,2,0,2
5.76,1,5,3,0,12,17,664,2,0,2
7.15,13,25,1,0,90,299,665,0,4,2
7.1,13,25,1,0,27,62,666,0,0,2
7.95,13,23,1,0,24,35,667,2,1,2
7.92,34,24,1,0,22,299,668,0,1,2
7.03,26,23,1,0,10,15,669,0,1,2
7.71,42,25,1,1,71,299,670,0,1,2
6.66,1,23,1,3,12,373,671,3,0,2
7.67,6,30,2,0,0,46,672,2,0,2
6.61,26,22,1,2,2,5,673,0,26,2
7.75,6,30,1,0,8,5,674,2,1,2
7.63,2,30,1,0,8,5,675,2,1,2
6.46,2,8,0,0,0,215,676,3,1,2
7.23,24,25,0,7,11,15,677,0,0,2
7.02,2,24,3,0,9,1,678,3,0,2
7.69,1,30,1,0,17,78,679,3,1,2
7.09,2,30,2,3,10,182,680,2,1,2
7.17,24,25,1,0,9,1,681,0,4,2
6.82,23,24,1,0,9,1,682,0,4,2
6.57,13,24,1,1,6,182,683,0,4,2
6.91,3,30,0,1,6,182,684,2,4,2
7.4,44,24,1,3,2,30,685,0,1,2
8.03,4,23,1,3,0,0,686,2,0,2
7.01,13,25,2,0,27,62,687,0,0,2
6.11,2,29,1,5,0,3,688,2,1,2
6.92,1,105,3,2,18,39,689,1,5,2
7.48,1,118,3,3,70,123,690,1,1,2
7.34,1,119,1,12,34,123,691,1,0,2
5.09,1,33,1,2,119,39,692,1,0,2
6.81,1,80,3,3,36,3,693,1,5,2
8.27,1,87,1,1,0,182,694,1,0,2
5.88,2,30,2,10,120,22,695,2,2,2
6.41,2,30,1,3,121,6,696,2,2,2
6.9,47,25,1,3,122,14,697,0,1,2
6.44,1,46,2,3,24,182,698,2,1,2
6.45,1,54,2,3,24,15,699,2,1,2
6.72,2,50,0,1,10,182,700,2,1,2
7.03,12,24,1,0,20,50,701,0,1,2
6.38,13,25,1,7,27,171,702,0,0,2
6.92,1,63,3,2,123,57,703,1,8,2
7.5,76,25,1,0,18,299,704,0,1,2
6.13,1,19,1,0,7,15,705,2,1,2
6.26,16,3,2,0,9,50,706,0,1,2
7.4,24,8,2,0,27,46,707,0,1,2
7.31,7,30,2,0,0,43,708,2,1,2
8.02,101,25,1,3,3,50,709,0,1,2
7.45,40,23,1,1,22,206,710,0,0,2
7.41,5,11,2,1,116,39,711,2,0,2
7.34,1,10,3,0,11,182,712,1,1,2
7.05,4,34,0,1,27,62,713,2,0,2
7.21,5,37,1,1,0,4,714,2,5,2
6.76,24,24,0,0,12,1,715,0,0,2
6.34,13,24,1,3,2,2,716,0,1,2
6.47,3,40,0,5,40,299,717,2,2,2
7.55,48,25,1,0,43,3,718,0,1,2
7.94,36,25,1,1,14,171,719,0,0,2
7.97,1,115,1,1,14,171,720,1,0,2
7.3,1,140,1,1,20,206,721,1,0,2
7.39,1,135,1,1,20,206,722,1,0,2
7.78,1,140,1,1,20,206,723,1,0,2
6.4,136,23,1,0,22,29,724,0,1,2
7.55,1,99,1,3,0,5,725,1,0,2
7.9,1,108,1,3,0,15,726,1,0,2
5.97,13,26,2,3,51,30,727,0,2,2
6.12,3,30,1,0,17,1,728,2,5,2
6.69,13,25,2,0,62,6,729,0,0,2
5.96,1,28,1,0,116,39,730,1,0,2
6.44,1,82,2,1,85,182,731,1,5,2
7.13,26,24,1,2,13,5,732,0,1,2
6.68,1,24,0,3,5,182,733,3,1,2
7.09,39,25,1,0,88,36,734,0,1,2
6.8,1,78,1,0,124,4,735,2,0,2
6.3,3,30,2,10,125,22,736,2,2,2
5.76,1,37,1,11,24,1,737,2,1,2
7.14,1,99,3,3,0,34,738,1,5,2
7.36,1,80,1,0,4,6,739,1,26,2
7.09,1,91,1,0,4,6,740,1,26,2
6.92,1,79,1,0,4,6,741,1,26,2
7.18,1,74,1,0,4,6,742,1,26,2
6.76,1,81,1,0,2,6,743,1,26,2
6.98,1,98,1,0,4,6,744,1,26,2
6.72,25,24,1,2,2,299,745,0,1,2
7.14,1,25,1,4,0,206,746,3,4,2
7.23,13,47,1,4,0,6,747,0,0,2
6.75,12,23,2,0,42,17,748,0,1,2
6.97,12,23,2,0,42,17,749,0,1,2
6.88,1,24,1,0,42,17,750,3,1,2
6.54,1,100,2,1,126,58,751,1,0,2
7.15,50,23,1,0,3,299,752,0,0,2
7.18,26,24,1,0,5,62,753,0,0,2
7.02,1,1,1,1,127,78,754,2,0,2
6.98,32,23,1,2,22,299,755,0,0,2
7.07,52,24,1,0,2,146,756,0,26,2
7.11,1,95,1,2,18,4,757,1,0,2
8.26,12,23,1,3,3,1,758,0,1,2
7.37,1,43,2,0,27,62,759,2,0,2
7.26,1,30,1,0,5,62,760,2,0,2
5.99,4,47,2,7,23,182,761,2,5,2
6.93,4,36,1,0,128,193,762,2,1,2
6.95,6,30,1,0,1423,1,763,2,1,2
6.07,4,27,1,1,29,4,764,0,0,2
6.2,25,24,1,1,2,4,765,0,26,2
6.3,3,30,2,0,1,26,766,2,1,2
6.65,25,24,1,0,17,1,767,0,1,2
6.11,2,30,2,0,17,1,768,2,1,2
6.53,48,15,1,5,8,3,769,0,0,2
6.86,6,30,1,4,124,98,770,2,26,2
6.0,12,24,0,1,22,59,771,0,1,2
6.66,3,45,0,3,27,62,772,2,0,2
7.37,3,29,1,0,17,1,773,2,4,2
7.33,3,29,1,0,0,1,774,2,4,2
7.83,26,23,1,0,129,1,775,0,4,2
6.04,13,25,1,0,4,1,776,0,0,2
6.67,4,28,0,4,0,1,777,2,1,2
6.45,3,52,2,1,130,62,778,2,0,2
7.07,26,25,1,4,19,182,779,0,0,2
6.95,25,24,0,0,17,3,780,0,1,2
6.66,4,30,2,0,0,32,781,2,1,2
6.64,6,30,1,1,0,34,782,2,0,2
5.62,3,30,2,1,51,26,783,2,26,2
7.03,26,22,1,0,68,33,784,0,4,2
6.5,6,32,1,0,2,62,785,2,0,2
6.9,26,22,1,0,2,62,786,0,0,2
6.57,3,23,1,0,0,182,787,2,1,2
6.52,26,24,1,1,0,5,788,0,1,2
7.23,6,27,1,0,0,72,789,2,5,2
6.31,13,24,1,0,95,30,790,0,4,2
6.65,12,24,1,0,42,25,791,0,0,2
7.33,13,23,1,0,48,1,792,0,4,2
7.21,12,5,1,0,0,41,793,0,1,2
6.6,12,25,1,0,95,30,794,0,2,2
5.8,26,24,1,2,9,60,795,0,0,2
6.16,1,24,1,1,131,259,796,2,26,2
6.66,1,22,3,2,0,61,797,1,0,2
7.02,1,47,1,1,5,182,798,1,1,2
8.33,24,24,2,0,25,4,799,0,5,2
7.72,1,115,1,1,71,34,800,1,0,2
7.51,26,25,1,4,132,72,801,0,0,2
6.88,10,24,3,0,22,299,802,0,1,2
5.51,1,30,1,3,86,1,803,2,1,2
6.73,13,24,1,0,19,10,804,0,1,2
6.35,52,25,1,0,6,299,805,0,6,2
7.31,26,25,1,3,8,41,806,0,1,2
6.12,13,24,1,1,32,182,807,0,9,2
6.97,3,45,0,1,0,45,808,2,1,2
5.74,4,50,2,4,57,62,809,2,1,2
6.01,2,27,0,0,133,10,810,2,1,2
6.84,12,23,1,3,0,43,811,0,0,2
6.05,1,25,1,0,12,190,812,2,0,2
7.59,39,24,1,3,22,299,813,0,1,2
7.43,1,47,0,3,14,206,814,2,0,2
6.78,24,24,0,3,134,63,815,0,1,2
5.83,1,50,2,1,23,182,816,2,1,2
7.13,13,24,0,1,135,41,817,0,1,2
6.9,1,55,1,1,136,206,818,2,26,2
6.96,26,24,1,0,136,206,819,0,26,2
7.3,26,24,1,0,2,8,820,0,1,2
7.54,39,25,1,0,25,46,821,0,0,2
5.37,1,87,1,1,25,46,822,1,0,2
7.23,1,80,1,4,24,299,823,1,1,2
7.05,54,24,3,0,20,171,824,0,0,2
6.33,6,24,1,4,0,62,825,2,0,2
6.47,3,30,2,2,137,24,826,2,2,2
5.85,1,1,1,1,32,182,827,2,9,2
5.94,1,58,2,1,138,182,828,2,1,2
6.38,1,48,0,1,0,62,829,2,1,2
5.6,2,39,2,0,23,62,830,2,1,2
6.13,4,30,2,10,44,22,831,2,1,2
6.49,7,26,1,1,19,190,832,2,26,2
7.69,39,27,1,4,139,3,833,0,5,2
6.29,6,36,2,0,43,182,834,2,0,2
7.68,19,24,1,7,6,3,835,0,0,2
6.03,3,30,1,0,9,19,836,2,2,2
5.32,1,47,2,1,140,64,837,2,0,2
5.03,1,48,2,1,140,64,838,2,0,2
7.29,7,30,1,0,53,5,839,2,0,2
7.56,16,25,1,0,53,206,840,2,0,2
6.75,1,102,0,4,0,182,841,1,0,2
7.36,5,27,2,1,8,4,842,0,0,2
7.69,195,25,1,0,3,5,843,0,1,2
6.51,1,48,1,0,8,24,844,2,0,2
6.41,1,45,2,0,8,89,845,2,0,2
6.46,1,53,1,0,8,89,846,2,0,2
7.21,13,24,1,13,6,318,847,4,0,2
6.64,24,10,1,0,8,24,848,0,1,2
7.13,26,25,1,0,20,8,849,0,0,2
7.24,50,25,1,0,3,299,850,0,0,2
6.33,26,25,1,1,3,206,851,0,0,2
6.96,52,20,1,8,6,15,852,0,1,2
6.67,1,29,1,6,0,15,853,3,1,2
6.1,4,45,1,3,16,1,854,2,1,2
7.07,1,79,3,3,2,182,855,1,5,2
6.3,26,25,3,0,3,14,856,0,0,2
6.3,25,24,1,0,3,299,857,0,1,2
5.43,2,30,0,1,90,1,858,2,1,2
6.28,3,24,2,4,0,62,859,2,0,2
7.29,8,41,1,4,16,62,860,2,0,2
6.54,3,45,1,1,141,130,861,2,0,2
6.02,12,24,1,1,62,184,862,0,0,2
6.57,3,30,2,1,114,62,863,2,0,2
5.94,6,30,2,1,46,65,864,2,0,2
7.18,3,45,0,1,85,182,865,2,0,2
6.97,3,58,2,1,142,2,866,2,5,2
6.33,2,30,2,10,44,22,867,2,2,2
6.37,1,100,1,4,90,67,868,1,26,2
8.04,1,100,1,0,143,102,869,1,1,2
6.45,1,10,1,0,144,5,870,1,6,2
7.11,13,25,3,3,25,162,871,0,1,2
7.54,47,24,1,0,0,5,872,0,1,2
7.26,26,23,1,4,124,6,873,0,1,2
7.22,1,90,1,1,0,206,874,3,4,2
5.83,6,15,2,0,120,62,875,2,1,2
6.99,4,28,1,1,8,62,876,2,1,2
5.63,2,30,2,10,38,66,877,2,2,2
6.31,10,30,2,10,38,66,878,2,2,2
6.13,5,30,2,10,38,66,879,2,2,2
6.23,3,30,2,10,38,22,880,2,2,2
7.13,49,25,1,0,14,19,881,0,0,2
6.84,4,30,1,0,14,19,882,2,0,2
6.97,3,24,1,0,0,19,883,2,0,2
6.93,1,33,1,0,14,19,884,1,0,2
6.74,6,30,2,10,106,56,885,2,2,2
5.72,2,30,2,10,145,22,886,2,2,2
6.66,5,30,2,10,120,15,887,2,2,2
6.58,5,5,1,4,146,15,888,0,0,2
7.29,13,24,1,4,0,15,889,0,0,2
5.69,6,28,2,0,19,19,890,2,0,2
7.67,23,25,1,0,102,55,891,0,1,2
7.09,1,91,1,0,5,102,892,3,1,2
7.17,1,97,1,0,5,55,893,1,1,2
7.8,155,25,2,0,5,55,894,0,1,2
6.04,1,50,2,0,5,102,895,2,1,2
7.28,1,73,1,0,43,55,896,1,1,2
5.71,13,23,2,1,9,182,897,0,5,2
6.34,2,54,2,1,63,62,898,2,0,2
7.26,26,24,1,0,0,206,899,0,0,2
8.18,96,25,2,0,99,5,900,0,1,2
7.39,13,23,2,1,124,182,901,0,0,2
6.49,12,23,1,1,3,17,902,0,0,2
6.92,15,34,1,1,8,3,903,2,0,2
7.46,49,25,0,1,20,171,904,0,0,2
7.73,3,37,1,3,0,182,905,1,1,2
6.88,10,22,0,1,6,5,906,0,1,2
6.64,26,23,1,4,90,45,907,0,0,2
6.12,1,48,0,1,24,3,908,2,1,2
7.93,51,25,1,0,6,206,909,0,1,2
8.05,103,23,1,0,6,102,910,0,1,2
7.61,24,23,0,3,5,182,911,0,1,2
6.09,2,38,0,1,77,1,912,2,1,2
7.86,35,25,3,0,2,3,913,0,1,2
8.04,102,22,1,0,2,126,914,0,1,2
6.68,1,24,1,0,0,146,915,3,0,2
6.91,3,14,2,0,12,55,916,3,0,2
7.16,26,24,1,1,147,52,917,0,0,2
6.09,1,83,0,4,148,1,918,1,1,2
7.14,12,25,0,0,40,50,919,0,4,2
6.21,4,24,2,0,0,72,920,2,1,2
6.21,20,25,0,3,22,24,921,0,1,2
6.68,13,25,1,0,149,122,922,0,1,2
6.97,6,24,1,0,42,17,923,2,1,2
7.07,153,22,1,0,90,48,924,0,1,2
6.8,26,24,1,0,20,98,925,0,1,2
8.19,12,24,0,1,46,182,926,0,1,2
7.74,12,50,1,3,150,162,927,2,1,2
7.22,13,25,3,2,53,15,928,0,0,2
6.87,1,69,1,0,4,6,929,3,26,2
7.31,1,100,1,1,82,6,930,1,26,2
6.48,1,42,1,0,4,6,931,4,26,2
5.25,3,27,1,0,1,141,932,2,0,2
8.01,24,24,1,3,10,78,933,0,2,2
6.71,12,24,1,0,12,380,934,0,2,2
6.69,51,24,3,0,7,6,935,0,1,2
7.13,49,24,3,0,58,299,936,0,0,2
8.63,37,23,0,6,24,182,937,0,1,2
7.35,26,24,1,0,24,8,938,0,1,2
6.3,22,25,1,1,9,299,939,0,1,2
7.18,24,23,0,0,35,62,940,0,1,2
6.69,22,27,0,1,22,24,941,0,1,2
6.11,26,25,1,1,0,206,942,0,0,2
6.68,3,28,1,4,0,43,943,2,26,2
7.02,26,23,1,0,151,18,944,0,1,2
7.2,42,24,3,3,3,299,945,0,1,2
6.76,104,24,1,3,3,55,946,0,1,2
6.89,4,36,1,1,57,6,947,2,1,2
7.07,12,25,1,3,12,1,948,0,1,2
7.07,25,24,1,0,80,3,949,0,26,2
7.13,4,40,2,2,0,43,950,2,1,2
7.59,26,23,1,1,20,5,951,0,4,2
8.11,50,25,1,0,2,102,952,0,1,2
5.05,3,30,2,1,152,1,953,2,26,2
6.18,12,24,1,14,62,17,954,0,2,2
7.09,192,24,1,0,2,6,955,0,26,2
7.2,191,23,1,0,2,6,956,0,26,2
8.14,1,108,0,4,0,15,957,3,1,2
7.55,43,22,3,5,18,102,958,0,1,2
6.91,22,24,1,0,12,30,959,0,1,2
7.06,12,24,1,0,19,9,960,0,2,2
6.41,12,25,1,0,149,41,961,0,2,2
7.81,25,25,1,0,2,1,962,0,4,2
6.98,51,24,1,0,2,5,963,0,1,2
8.72,25,24,0,1,0,206,964,0,0,2
7.13,26,24,1,1,0,206,965,4,0,2
7.46,4,30,1,0,0,5,966,2,1,2
6.88,13,23,1,0,12,21,967,0,26,2
7.48,25,24,1,0,6,67,968,0,2,2
6.12,2,1,1,5,0,77,969,2,1,2
6.63,12,24,1,0,4,6,970,0,2,2
6.28,2,50,1,1,6,19,971,2,1,2
6.26,12,25,0,1,6,68,972,0,1,2
6.93,2,27,1,0,0,89,973,2,0,2
6.92,25,23,0,7,6,0,974,0,0,2
7.37,11,23,1,3,8,27,975,0,1,2
6.28,12,23,1,0,12,32,976,0,6,2
7.03,11,21,1,0,3,126,977,0,1,2
7.93,26,25,0,7,6,5,978,0,0,2
5.25,4,29,1,0,12,18,979,2,0,2
7.09,22,23,0,3,35,4,980,0,0,2
7.07,13,24,2,3,40,89,981,0,0,2
6.84,25,24,1,1,20,6,982,0,26,2
8.18,203,24,1,0,2,41,983,0,1,2
7.63,52,24,1,0,53,206,984,0,1,2
6.39,12,24,1,3,9,30,985,0,1,2
7.49,20,25,2,0,0,69,986,0,1,2
7.27,4,30,2,1,12,206,987,2,0,2
7.4,52,24,1,1,2,182,988,0,1,2
6.48,4,21,1,0,74,67,989,0,1,2
6.6,26,25,1,1,17,1,990,0,5,2
7.1,1,24,1,0,19,18,991,2,1,2
5.81,4,28,2,0,51,102,992,2,1,2
5.61,1,46,0,1,6,15,993,2,0,2
6.06,13,24,0,1,136,215,994,0,1,2
6.66,26,25,2,1,57,102,995,0,1,2
6.06,2,26,2,8,38,66,996,2,2,2
6.5,3,30,2,10,120,70,997,2,2,2
6.5,2,30,2,10,120,36,998,2,2,2
6.84,41,23,3,2,3,14,999,0,8,2
4.37,1,34,2,10,153,71,1000,2,0,2
7.44,51,24,1,2,13,3,1001,0,1,2
5.87,2,28,1,2,154,1,1002,2,0,2
4.74,2,37,2,1,1,181,1003,2,1,2
6.85,2,24,1,0,42,17,1004,2,1,2
7.59,26,25,1,1,53,50,1005,0,0,2
7.42,26,24,1,1,155,50,1006,0,0,2
7.07,25,23,1,1,74,72,1007,0,0,2
6.83,1,26,1,0,12,30,1008,2,1,2
7.33,12,24,2,0,6,30,1009,0,0,2
4.18,3,30,1,1,138,1,1010,2,0,2
6.5,1,39,2,0,43,102,1011,2,1,2
6.66,24,15,2,1,8,24,1012,0,1,2
6.45,25,25,1,1,57,299,1013,0,1,2
5.22,13,24,1,1,136,33,1014,0,1,2
6.93,52,20,1,0,52,182,1015,0,1,2
6.68,51,21,1,0,52,14,1016,0,1,2
6.59,1,70,3,0,36,14,1017,1,1,2
6.27,3,30,1,1,17,1,1018,2,5,2
6.48,48,26,1,0,156,182,1019,0,26,2
7.27,47,27,3,1,3,122,1020,0,1,2
6.56,13,25,1,1,136,50,1021,0,26,2
7.28,50,25,1,1,2,18,1022,0,1,2
6.47,4,30,2,1,157,21,1023,2,2,2
5.85,26,21,1,0,4,30,1024,0,1,2
7.45,1,93,1,0,2,3,1025,1,1,2
7.66,24,23,0,3,158,4,1026,0,1,2
6.52,26,23,1,0,0,206,1027,0,0,2
7.02,6,24,0,1,39,146,1028,2,1,2
8.32,23,22,1,0,18,1,1029,0,1,2
7.66,24,24,1,2,17,4,1030,0,8,2
6.46,12,24,0,1,0,5,1031,0,1,2
6.58,13,25,1,1,2,110,1032,0,1,2
6.9,51,24,1,0,2,299,1033,0,1,2
7.06,1,75,1,0,4,6,1034,3,26,2
6.93,56,21,1,0,2,8,1035,0,26,2
6.24,13,24,1,1,2,50,1036,0,1,2
7.73,2,24,1,0,93,11,1037,3,1,2
6.77,12,23,1,3,136,8,1038,0,1,2
7.27,26,24,1,0,67,9,1039,0,1,2
6.39,26,25,1,2,36,122,1040,0,0,2
5.33,6,7,1,0,159,30,1041,4,2,2
6.98,12,24,0,1,29,182,1042,0,26,2
6.84,12,24,1,2,12,73,1043,0,2,2
7.42,52,24,1,0,2,3,1044,0,1,2
7.18,4,32,1,1,65,25,1045,2,26,2
7.12,1,27,1,0,19,18,1046,2,1,2
6.48,1,27,1,1,0,36,1047,2,0,2
8.16,500,23,1,0,6,3,1048,0,1,2
7.15,14,24,1,1,160,102,1049,2,1,2
7.11,12,24,1,0,46,373,1050,0,1,2
5.51,11,24,0,1,22,259,1051,0,1,2
5.48,4,14,1,0,26,15,1052,3,0,2
6.56,12,45,0,3,3,99,1053,2,5,2
7.3,172,21,3,0,161,30,1054,0,1,2
7.45,7,27,1,1,0,206,1055,2,0,2
5.28,1,16,1,0,155,15,1056,2,26,2
6.59,1,56,2,1,162,74,1057,2,1,2
6.92,6,37,1,1,10,1,1058,2,4,2
5.75,1,45,0,1,17,1,1059,2,4,2
6.78,4,27,1,1,66,98,1060,2,6,2
5.99,12,21,0,0,27,3,1061,0,0,2
5.78,3,30,2,10,38,66,1062,2,2,2
6.5,12,25,1,1,39,299,1063,0,1,2
7.04,1,25,1,1,0,21,1064,3,0,2
5.65,12,24,1,1,17,98,1065,0,1,2
6.21,1,55,1,1,0,15,1066,1,4,2
6.25,2,29,2,10,113,338,1067,2,0,2
5.6,3,26,2,10,120,22,1068,2,2,2
6.42,2,29,2,10,106,75,1069,2,2,2
7.0,3,26,2,10,163,274,1070,2,2,2
6.89,26,25,1,1,164,206,1071,0,0,2
6.39,1,80,2,1,85,182,1072,1,4,2
6.4,1,55,2,0,71,206,1073,2,4,2
7.08,1,81,1,0,21,206,1074,1,4,2
6.67,6,27,1,0,5,206,1075,2,4,2
7.03,2,23,1,0,71,206,1076,2,4,2
6.45,12,24,2,0,29,163,1077,0,2,2
7.28,26,24,1,0,8,21,1078,0,1,2
6.48,12,24,1,3,136,17,1079,0,1,2
5.56,2,29,2,1,10,77,1080,2,0,2
3.67,12,5,1,4,165,76,1081,0,0,2
7.66,3,24,1,0,12,32,1082,2,1,2
7.39,1,90,1,1,60,1,1083,1,4,2
6.46,78,24,1,0,2,102,1084,0,26,2
6.85,1,23,2,0,72,10,1085,3,1,2
7.78,26,23,2,1,5,182,1086,0,1,2
5.46,2,25,2,1,5,6,1087,2,26,2
6.18,3,30,2,10,38,66,1088,2,2,2
6.61,6,30,0,1,62,141,1089,2,5,2
7.79,1,83,1,3,166,182,1090,1,1,2
7.37,1,86,1,3,167,182,1091,1,1,2
7.04,65,25,1,2,18,6,1092,0,8,2
8.17,26,25,1,1,18,15,1093,0,5,2
6.95,1,115,1,2,43,123,1094,1,5,2
6.18,4,25,2,1,16,62,1095,2,1,2
5.18,1,100,0,1,168,77,1096,1,1,2
6.54,12,24,1,0,104,13,1097,0,2,2
6.81,12,24,1,0,42,25,1098,0,4,2
7.49,12,23,1,0,48,1,1099,0,4,2
8.27,26,25,1,3,25,30,1100,0,1,2
6.91,26,24,3,0,0,3,1101,0,1,2
7.15,26,25,1,3,25,107,1102,0,0,2
7.45,12,24,1,0,6,18,1103,0,3,2
6.22,7,5,1,0,12,87,1104,4,2,2
6.91,2,77,0,3,53,182,1105,3,1,2
7.28,12,24,3,0,42,25,1106,0,0,2
7.15,14,24,0,1,124,28,1107,0,26,2
6.29,1,8,1,1,31,4,1108,2,0,2
6.99,12,24,1,2,83,21,1109,0,26,2
6.3,11,23,1,0,8,4,1110,0,6,2
6.3,12,23,1,3,58,299,1111,0,0,2
7.0,3,23,0,0,5,182,1112,3,1,2
7.37,37,25,1,4,96,58,1113,0,1,2
6.03,4,15,2,0,26,15,1114,3,0,2
7.36,26,25,3,3,25,102,1115,0,5,2
6.48,1,50,2,1,23,182,1116,2,1,2
6.3,26,3,1,0,7,87,1117,0,1,2
6.34,12,24,3,0,0,11,1118,0,0,2
6.07,12,24,1,0,2,4,1119,0,26,2
7.08,52,24,3,0,7,1,1120,0,0,2
7.77,24,24,1,0,12,78,1121,0,3,2
8.23,24,24,0,7,10,5,1122,0,2,2
6.82,1,6,1,2,0,182,1123,14,1,2
6.98,50,25,1,0,25,8,1124,0,0,2
6.81,25,25,1,0,25,50,1125,0,0,2
6.59,1,101,1,0,7,126,1126,1,1,2
6.73,3,30,2,10,106,78,1127,2,2,2
6.76,51,24,3,4,169,206,1128,0,0,2
7.09,1,91,1,1,99,215,1129,1,1,2
7.76,15,24,0,3,5,182,1130,2,1,2
7.48,5,46,2,0,85,1,1131,2,1,2
8.07,39,25,1,0,25,182,1132,0,4,2
7.65,26,25,1,0,46,12,1133,0,0,2
7.08,1,102,1,0,99,3,1134,1,1,2
7.83,1,95,1,0,99,3,1135,1,1,2
6.98,1,95,1,0,99,5,1136,1,1,2
6.77,1,95,1,0,99,5,1137,1,1,2
6.84,1,77,1,0,99,182,1138,1,1,2
6.06,1,4,3,15,9,79,1139,14,1,2
5.59,1,29,2,1,84,62,1140,2,0,2
5.92,1,44,0,1,43,6,1141,2,0,2
6.94,47,25,3,0,58,299,1142,0,0,2
6.79,1,70,3,0,96,299,1143,1,0,2
7.14,49,24,3,1,58,299,1144,0,0,2
5.68,1,30,1,1,170,9,1145,2,2,2
6.81,4,67,2,1,1,62,1146,2,0,2
5.53,1,30,2,2,21,22,1147,2,26,2
6.1,2,50,1,1,17,107,1148,2,6,2
5.91,1,51,0,0,171,62,1149,2,1,2
6.91,12,23,1,4,40,80,1150,0,4,2
8.06,1,90,2,2,172,182,1151,1,5,2
7.07,6,32,2,0,10,62,1152,2,0,2
7.59,50,24,3,3,58,299,1153,0,0,2
5.82,28,12,1,1,19,380,1154,0,0,2
7.05,3,16,1,2,17,182,1155,1,0,2
6.89,3,45,1,1,11,102,1156,2,1,2
6.03,10,2,1,0,116,39,1157,0,8,2
6.8,12,24,2,1,48,22,1158,0,1,2
6.21,2,55,0,1,3,81,1159,2,1,2
7.7,1,107,3,0,9,50,1160,1,8,2
6.57,13,23,1,0,0,50,1161,0,0,2
6.44,3,25,1,1,124,98,1162,2,26,2
7.22,13,24,1,3,12,11,1163,0,1,2
4.21,2,50,2,2,173,32,1164,2,1,2
7.16,1,94,1,3,20,206,1165,1,0,2
7.06,1,97,1,3,20,206,1166,1,0,2
7.15,1,100,1,3,20,206,1167,1,0,2
8.09,51,25,3,3,37,55,1168,0,1,2
6.52,1,15,3,1,0,39,1169,1,0,2
7.53,74,25,1,4,3,299,1170,0,1,2
6.47,13,25,1,0,19,22,1171,0,0,2
6.72,1,10,3,0,7,5,1172,3,1,2
6.43,1,30,1,3,124,98,1173,2,26,2
7.05,1,79,1,0,6,24,1174,1,0,2
8.66,27,24,1,0,6,46,1175,0,0,2
7.56,26,23,1,1,19,8,1176,0,0,2
8.01,25,25,0,0,5,182,1177,0,1,2
5.73,2,30,2,10,174,22,1178,2,2,2
6.56,1,23,1,0,11,5,1179,3,1,2
7.06,20,8,1,0,9,5,1180,0,1,2
7.55,49,24,1,0,22,299,1181,0,1,2
7.38,1,89,1,0,0,5,1182,1,1,2
7.41,26,24,1,0,11,5,1183,0,1,2
6.11,1,16,1,0,76,32,1184,2,2,2
6.78,1,55,0,2,41,3,1185,2,1,2
6.09,4,30,0,0,24,15,1186,2,0,2
8.12,25,24,0,1,6,0,1187,0,0,2
7.58,52,24,1,0,2,48,1188,0,1,2
6.44,4,29,3,4,169,206,1189,2,0,2
7.24,26,24,1,3,1,146,1190,0,0,2
6.52,13,24,1,1,142,5,1191,0,26,2
6.68,13,24,1,0,15,259,1192,0,0,2
8.06,24,24,1,0,24,299,1193,0,1,2
7.15,43,24,3,0,36,14,1194,0,1,2
7.44,61,23,1,0,7,126,1195,0,1,2
6.37,47,23,3,16,16,19,1196,0,0,2
6.6,1,65,0,1,17,206,1197,1,1,2
7.13,52,24,3,0,11,3,1198,0,0,2
7.12,12,24,1,1,5,206,1199,2,0,2
6.06,2,28,1,0,0,77,1200,2,26,2
6.68,2,23,1,0,124,46,1201,2,1,2
6.01,5,29,2,1,34,171,1202,2,1,2
5.47,1,47,1,0,124,82,1203,2,1,2
5.48,1,42,1,0,140,180,1204,2,0,2
6.2,6,24,2,0,77,15,1205,2,1,2
6.47,1,86,2,1,10,62,1206,1,0,2
6.4,1,50,2,1,10,62,1207,2,0,2
6.38,1,1,2,1,10,62,1208,2,0,2
6.29,1,57,0,1,10,62,1209,2,0,2
6.23,3,50,2,1,141,62,1210,2,0,2
5.78,2,45,2,1,141,62,1211,2,0,2
6.01,4,30,2,1,10,62,1212,2,0,2
6.25,3,46,1,1,141,62,1213,2,0,2
6.39,51,25,1,0,9,215,1214,0,1,2
7.98,148,24,0,6,18,299,1215,0,1,2
7.06,1,95,1,6,18,299,1216,1,4,2
5.86,4,30,2,0,17,62,1217,2,4,2
5.67,1,30,2,0,175,6,1218,2,26,2
6.23,2,30,1,1,24,182,1219,2,1,2
6.52,35,25,1,1,14,41,1220,0,0,2
6.73,6,30,1,1,0,1,1221,2,0,2
5.89,1,31,1,3,24,182,1222,2,1,2
5.92,3,53,1,4,8,3,1223,2,26,2
6.77,2,27,1,0,77,15,1224,2,1,2
7.43,1,95,0,0,5,3,1225,1,1,2
6.31,1,54,1,4,17,62,1226,1,1,2
6.29,1,59,1,2,17,62,1227,1,1,2
5.53,1,30,1,11,24,182,1228,2,1,2
6.14,2,30,1,0,51,62,1229,2,1,2
6.18,1,55,1,3,90,126,1230,2,1,2
7.75,26,24,1,0,2,4,1231,0,1,2
6.56,26,23,0,3,124,5,1232,0,2,2
6.6,26,24,1,4,0,21,1233,0,0,2
7.35,1,90,1,1,81,299,1234,1,1,2
7.14,51,24,1,0,2,8,1235,0,26,2
7.06,25,25,1,1,2,8,1236,0,26,2
7.59,26,24,1,6,20,8,1237,0,1,2
7.23,38,24,1,1,20,171,1238,0,0,2
7.3,128,24,3,1,2,83,1239,0,1,2
7.14,13,30,3,1,3,14,1240,2,1,2
7.11,1,80,1,1,91,299,1241,1,0,2
6.55,50,24,1,1,53,206,1242,0,0,2
7.36,13,24,1,3,12,84,1243,0,0,2
7.02,25,24,1,0,12,182,1244,0,1,2
6.7,2,26,0,0,60,72,1245,2,4,2
7.06,1,26,1,0,176,12,1246,1,4,2
7.13,2,30,2,10,177,213,1247,2,2,2
6.39,2,30,2,10,113,338,1248,2,2,2
6.41,51,25,1,0,8,3,1249,0,26,2
7.82,3,33,1,1,18,3,1250,2,1,2
5.89,2,30,2,2,106,56,1251,2,2,2
6.26,4,30,2,3,42,85,1252,2,1,2
8.12,78,24,3,0,2,183,1253,0,8,2
7.23,26,24,1,0,178,182,1254,0,6,2
7.98,1,111,0,1,6,39,1255,1,1,2
6.32,52,24,1,1,179,102,1256,0,0,2
6.9,13,23,1,4,57,36,1257,0,0,2
7.92,24,24,1,1,6,190,1258,0,1,2
7.95,25,25,1,0,6,86,1259,0,1,2
6.65,13,23,1,1,46,0,1260,0,1,2
5.97,3,25,2,0,0,89,1261,2,0,2
8.09,26,25,3,0,0,182,1262,0,0,2
6.79,12,13,1,0,29,55,1263,0,3,2
8.07,23,24,1,0,10,78,1264,0,2,2
6.33,6,24,1,0,124,62,1265,2,26,2
7.48,1,105,1,0,180,102,1266,1,1,2
7.02,1,84,1,1,54,4,1267,1,0,2
5.83,2,27,2,1,44,22,1268,2,2,2
6.12,6,30,2,8,44,22,1269,2,0,2
6.21,1,70,3,1,43,58,1270,2,0,2
6.89,23,24,1,1,20,206,1271,0,0,2
6.82,1,105,1,1,4,6,1272,1,26,2
7.39,26,25,0,6,164,102,1273,0,1,2
6.46,1,30,1,0,8,14,1274,1,1,2
5.73,2,30,2,3,145,22,1275,2,2,2
5.7,3,30,2,1,106,56,1276,2,2,2
6.71,1,3,1,1,29,4,1277,3,0,2
7.62,61,25,1,3,74,162,1278,0,1,2
6.87,26,24,1,4,0,43,1279,0,0,2
7.41,12,23,2,1,46,182,1280,0,1,2
5.13,1,40,1,3,1,62,1281,2,1,2
7.16,243,25,1,0,3,299,1282,0,1,2
7.28,52,25,1,3,3,14,1283,0,8,2
6.85,50,24,3,3,22,299,1284,0,0,2
8.2,1,98,3,3,17,182,1285,1,5,2
6.48,1,7,1,0,93,11,1286,3,1,2
7.53,3,30,2,3,103,87,1287,2,1,2
6.1,12,23,1,3,13,206,1288,0,0,2
8.42,12,22,0,2,3,299,1289,0,0,2
6.87,1,11,1,0,13,3,1290,3,0,2
5.49,1,74,0,1,53,299,1291,2,0,2
8.42,13,24,0,0,6,43,1292,0,4,2
6.45,39,25,0,1,57,299,1293,0,1,2
7.26,92,25,1,1,57,299,1294,0,1,2
7.22,50,24,1,4,20,206,1295,0,0,2
6.65,38,25,1,1,181,19,1296,0,0,2
6.79,51,24,1,0,7,122,1297,0,1,2
6.82,2,30,1,0,142,3,1298,2,26,2
7.09,1,94,3,2,47,162,1299,1,1,2
6.39,1,44,0,13,35,4,1300,2,0,2
7.31,3,95,0,1,96,206,1301,3,0,2
7.81,1,94,1,1,0,206,1302,1,0,2
6.86,1,7,3,14,182,77,1303,14,1,2
6.39,24,5,1,0,19,62,1304,4,0,2
5.62,1,30,1,0,19,62,1305,2,0,2
6.31,39,25,1,0,7,50,1306,0,0,2
7.02,49,24,1,1,22,55,1307,0,6,2
6.08,26,25,3,0,11,50,1308,0,1,2
6.56,26,23,1,4,151,19,1309,0,0,2
6.67,1,1,1,0,151,15,1310,1,0,2
6.07,3,33,2,1,169,62,1311,2,1,2
5.82,6,30,0,1,141,62,1312,2,0,2
7.28,4,90,0,1,14,206,1313,3,0,2
6.22,2,28,0,0,51,30,1314,2,2,2
5.52,13,25,2,3,51,2,1315,0,2,2
6.19,1,44,1,0,150,102,1316,2,0,2
7.68,1,72,3,0,183,266,1317,1,8,2
7.84,7,49,1,1,0,107,1318,2,1,2
6.34,3,28,2,1,113,163,1319,2,0,2
7.08,26,25,3,1,55,102,1320,0,0,2
6.14,1,45,2,0,10,77,1321,2,0,2
7.11,52,28,3,3,25,126,1322,0,5,2
6.59,1,45,3,5,25,126,1323,1,5,2
7.13,52,22,1,0,2,20,1324,0,1,2
5.71,1,45,2,1,82,62,1325,2,1,2
5.39,2,30,2,10,38,66,1326,2,2,2
7.15,1,50,2,4,11,57,1327,2,1,2
7.03,1,57,2,4,11,57,1328,2,1,2
6.46,1,45,2,7,6,53,1329,2,1,2
7.23,51,24,1,1,34,3,1330,0,0,2
5.47,12,24,2,1,184,1,1331,0,26,2
5.0,25,8,1,7,20,1,1332,0,26,2
6.42,12,24,2,0,12,36,1333,0,6,2
7.06,24,24,1,2,17,380,1334,0,4,2
6.06,3,30,2,10,44,22,1335,2,2,2
7.24,13,23,1,1,55,373,1336,0,6,2
6.77,100,24,1,0,185,122,1337,0,26,2
5.36,52,25,1,0,0,206,1338,0,0,2
7.28,1,30,1,0,91,299,1339,1,0,2
8.28,79,25,1,1,3,237,1340,0,1,2
6.82,12,24,0,0,12,88,1341,0,1,2
6.89,11,23,0,1,7,8,1342,0,1,2
7.47,26,23,1,0,129,259,1343,0,4,2
6.69,2,30,2,10,106,89,1344,2,2,2
5.78,2,30,2,10,106,56,1345,2,1,2
6.12,2,30,1,0,53,255,1346,2,1,2
8.31,1,103,0,1,0,0,1347,1,0,2
6.15,1,50,1,0,41,126,1348,2,1,2
6.19,1,73,2,1,186,215,1349,1,1,2
7.13,1,90,3,2,187,182,1350,1,1,2
7.0,1,91,3,2,187,182,1351,1,1,2
6.87,6,30,2,8,188,90,1352,2,2,2
6.98,3,30,2,10,44,89,1353,2,2,2
6.3,2,30,2,10,106,78,1354,2,2,2
8.1,1,160,0,1,0,15,1355,3,1,2
7.72,1,89,3,0,22,29,1356,1,1,2
7.71,31,24,2,1,3,55,1357,0,1,2
5.53,3,27,1,1,51,1,1358,2,7,2
6.64,6,13,0,0,19,8,1359,2,1,2
5.81,4,34,1,0,43,181,1360,2,4,2
6.17,1,26,1,17,169,62,1361,2,0,2
6.08,1,42,0,3,24,182,1362,2,1,2
7.7,1787,11,1,0,22,29,1363,0,1,2
7.29,1,94,1,0,6,3,1364,1,1,2
6.03,2,28,1,0,10,1,1365,2,2,2
6.16,3,31,1,0,10,1,1366,2,2,2
4.42,6,15,2,1,189,91,1367,4,0,2
5.68,12,25,2,3,12,17,1368,0,2,2
5.41,1,30,2,1,175,92,1369,2,2,2
6.72,12,24,2,0,17,28,1370,0,4,2
6.53,13,24,1,3,33,182,1371,0,7,2
6.63,8,26,2,0,23,299,1372,2,1,2
6.6,26,25,2,0,20,14,1373,0,1,2
6.19,42,25,1,0,22,14,1374,0,1,2
6.69,3,27,2,10,106,89,1375,2,2,2
6.02,1,28,2,10,113,338,1376,2,0,2
7.77,12,24,0,0,12,22,1377,0,1,2
6.6,26,24,1,1,2,19,1378,0,0,2
7.2,1,25,1,0,82,102,1379,2,1,2
6.2,6,25,0,4,0,206,1380,2,8,2
7.22,12,5,1,0,0,41,1381,0,1,2
6.24,12,25,1,2,190,28,1382,0,2,2
5.41,3,30,1,0,10,89,1383,2,0,2
5.72,4,22,2,0,57,63,1384,2,1,2
5.48,2,30,1,2,189,93,1385,2,2,2
7.16,45,24,1,3,22,55,1386,0,1,2
7.52,53,25,3,3,0,14,1387,0,5,2
6.32,13,24,1,0,82,50,1388,0,1,2
7.36,43,24,3,3,3,14,1389,0,5,2
7.63,40,23,3,3,3,14,1390,0,6,2
7.56,22,23,1,3,8,5,1391,0,1,2
8.02,1,30,3,2,2,72,1392,2,1,2
6.44,12,24,3,0,156,5,1393,0,0,2
7.05,26,25,3,0,55,102,1394,0,5,2
8.14,25,24,0,1,20,206,1395,0,0,2
7.73,52,25,1,1,2,206,1396,0,0,2
7.13,1,24,1,0,35,4,1397,3,1,2
5.14,1,47,2,1,68,77,1398,2,1,2
7.64,1,50,0,1,6,25,1399,1,4,2
7.67,1,100,3,0,90,182,1400,1,1,2
6.91,13,25,1,3,19,9,1401,0,2,2
7.46,22,25,1,4,8,15,1402,0,0,2
6.7,54,24,1,1,20,206,1403,0,0,2
7.15,13,25,1,0,8,41,1404,0,1,2
6.65,12,24,1,1,31,380,1405,0,4,2
7.02,26,24,1,4,80,1,1406,0,0,2
7.9,12,24,0,0,19,18,1407,0,1,2
6.01,1,79,1,0,1,58,1408,2,0,2
7.46,26,25,1,1,41,2,1409,0,1,2
6.64,130,10,1,16,191,3,1410,0,5,2
7.93,26,24,1,3,55,182,1411,0,5,2
6.6,26,23,1,1,2,146,1412,0,5,2
5.48,1,71,2,1,186,215,1413,2,5,2
7.86,1,102,3,3,3,14,1414,1,5,2
7.06,26,25,3,3,55,102,1415,0,5,2
6.21,6,25,1,0,99,182,1416,2,5,2
8.31,3,30,0,1,11,15,1417,2,1,2
6.6,31,24,1,1,1,15,1418,0,26,2
6.87,25,23,2,1,5,182,1419,0,1,2
6.69,1,119,1,1,0,206,1420,1,0,2
6.6,2,57,0,1,71,206,1421,2,4,2
6.12,12,28,0,1,5,3,1422,2,4,2
6.36,1,67,2,1,5,20,1423,2,1,2
6.63,22,23,3,6,82,8,1424,0,1,2
6.64,26,24,1,1,192,8,1425,0,1,2
6.93,33,7,0,0,9,5,1426,0,1,2
5.33,25,25,1,0,2,182,1427,0,26,2
6.83,1,131,2,1,71,206,1428,1,1,2
6.1,24,8,1,0,8,10,1429,0,1,2
6.82,1,27,1,0,27,62,1430,2,0,2
5.77,18,3,3,0,6,182,1431,0,0,2
4.92,2,28,2,0,193,1,1432,2,1,2
6.44,3,10,1,17,0,15,1433,1,0,2
7.13,1,56,0,1,57,43,1434,2,1,2
5.09,2,28,2,1,5,6,1435,2,1,2
5.0,25,24,1,1,62,6,1436,0,1,2
7.3,12,24,1,0,12,1,1437,0,3,2
6.94,1,110,1,1,9,94,1438,1,0,2
7.11,193,26,1,1,194,237,1439,0,1,2
6.71,40,25,3,0,195,14,1440,0,0,2
6.92,1,107,3,2,3,14,1441,3,1,2
7.94,6,23,1,0,15,35,1442,2,1,2
7.76,1,90,3,3,2,237,1443,1,5,2
5.88,3,37,2,1,23,1,1444,2,1,2
7.3,1,85,1,2,196,95,1445,1,0,2
6.89,52,24,1,4,2,206,1446,0,0,2
8.07,1,100,1,1,42,96,1447,1,0,2
7.87,24,23,1,0,43,50,1448,0,1,2
5.23,1,75,3,1,47,97,1449,1,0,2
6.56,52,25,3,0,2,182,1450,0,6,2
7.47,1,5,3,0,1,182,1451,14,1,2
6.86,26,24,1,1,48,47,1452,0,1,2
5.83,5,29,0,1,0,141,1453,2,1,2
6.08,13,24,1,7,48,34,1454,0,0,2
5.66,2,27,1,1,51,89,1455,2,26,2
5.47,2,35,0,1,1,182,1456,2,1,2
6.68,51,25,1,1,2,98,1457,0,1,2
7.61,24,24,1,1,46,1,1458,0,4,2
6.28,52,22,1,2,2,14,1459,0,1,2
6.65,25,25,2,1,7,4,1460,0,0,2
6.49,50,24,3,2,197,19,1461,0,0,2
7.36,52,23,3,0,2,183,1462,0,6,2
6.65,52,25,3,0,2,183,1463,0,0,2
7.03,52,24,3,0,2,183,1464,0,6,2
7.02,41,24,3,0,21,206,1465,0,0,2
6.9,43,24,3,1,7,122,1466,0,26,2
6.16,45,5,1,0,51,98,1467,0,10,2
6.01,50,5,3,0,11,3,1468,0,10,2
7.2,52,25,3,2,4,14,1469,0,8,2
6.73,52,25,3,2,2,99,1470,0,8,2
7.93,23,23,3,3,3,14,1471,0,5,2
7.12,51,24,3,3,96,100,1472,0,1,2
5.6,2,42,1,0,77,1,1473,2,5,2
5.45,2,28,1,0,77,1,1474,2,5,2
6.5,1,20,1,2,198,6,1475,3,26,2
7.26,1,90,1,0,4,6,1476,1,26,2
7.53,1,141,1,5,18,29,1477,1,0,2
6.86,4,28,2,10,120,89,1478,2,1,2
5.12,2,30,2,10,38,66,1479,2,2,2
6.98,2,30,2,10,120,75,1480,2,2,2
6.17,1,30,2,10,137,89,1481,2,2,2
6.15,1,35,2,10,150,89,1482,2,2,2
6.8,2,30,2,10,106,56,1483,2,2,2
7.45,1,92,1,0,24,3,1484,1,1,2
7.89,1,101,3,2,18,123,1485,1,0,2
7.19,1,23,1,18,20,5,1486,3,4,2
7.38,34,24,0,0,12,299,1487,0,1,2
8.91,25,24,0,1,0,206,1488,0,0,2
7.1,66,25,1,0,124,101,1489,0,1,2
6.6,63,25,3,0,58,102,1490,0,1,2
7.01,40,24,3,3,3,14,1491,0,5,2
6.42,1,75,1,3,199,102,1492,1,5,2
6.75,47,24,1,6,2,206,1493,0,0,2
6.23,3,30,2,0,38,66,1494,2,2,2
8.67,47,24,1,1,200,55,1495,0,1,2
7.43,51,24,1,0,2,21,1496,0,1,2
7.95,12,24,1,3,59,18,1497,0,2,2
7.21,13,25,1,3,8,103,1498,0,2,2
7.33,24,24,1,3,12,1,1499,0,2,2
6.72,1,24,1,2,0,146,1500,2,26,2
5.0,12,23,3,0,53,15,1501,0,0,2
7.07,24,24,1,7,11,182,1502,0,1,2
6.64,50,23,1,0,3,171,1503,0,1,2
6.12,2,30,2,10,38,66,1504,2,2,2
6.82,51,22,1,14,16,19,1505,0,0,2
7.39,13,23,3,0,136,72,1506,0,3,2
6.28,3,30,2,8,201,56,1507,2,1,2
7.08,1,87,3,15,34,6,1508,1,26,2
8.08,1,32,1,0,202,206,1509,3,1,2
6.46,2,26,2,10,38,66,1510,2,0,2
7.12,2,32,1,2,0,299,1511,1,0,2
7.69,13,24,1,0,19,10,1512,0,1,2
6.73,13,26,1,3,60,4,1513,0,1,2
6.74,25,23,1,4,20,5,1514,0,1,2
8.27,13,24,1,2,10,15,1515,0,4,2
5.06,12,5,1,0,19,380,1516,4,2,2
6.69,13,25,1,2,203,72,1517,0,26,2
4.62,1,86,1,5,10,77,1518,2,0,2
7.35,13,24,0,1,57,43,1519,2,0,2
6.56,2,30,2,8,38,66,1520,2,2,2
5.21,1,45,0,2,10,77,1521,2,4,2
7.62,25,23,0,0,24,182,1522,0,1,2
7.34,26,24,1,0,42,37,1523,0,1,2
6.84,13,25,2,0,24,4,1524,0,1,2
7.71,2,112,0,7,24,182,1525,3,1,2
6.88,1,1,2,2,43,182,1526,1,1,2
6.96,1,48,1,2,17,182,1527,2,1,2
6.78,1,48,1,3,17,182,1528,2,1,2
7.22,23,24,1,0,9,5,1529,0,1,2
7.59,11,23,1,0,18,373,1530,0,1,2
8.28,26,23,0,9,5,182,1531,0,1,2
7.25,330,25,3,0,22,29,1532,0,1,2
6.26,1,30,1,14,24,182,1533,2,1,2
7.23,52,24,1,5,43,181,1534,0,6,2
6.36,2,37,1,11,59,72,1535,2,2,2
6.28,1,59,1,1,199,215,1536,1,5,2
8.12,1,90,1,1,70,215,1537,1,5,2
6.52,47,24,2,0,22,299,1538,0,1,2
6.63,52,23,1,1,3,237,1539,0,1,2
5.82,2,30,2,10,106,56,1540,2,2,2
6.39,35,24,1,1,155,19,1541,0,6,2
7.17,50,25,1,0,204,50,1542,0,0,2
7.14,52,24,3,1,34,162,1543,0,1,2
6.29,2,30,2,8,106,104,1544,2,1,2
6.38,2,30,2,8,38,66,1545,2,0,2
6.82,23,23,3,0,34,3,1546,0,1,2
6.26,3,26,1,0,55,373,1547,2,1,2
5.0,52,10,3,0,6,86,1548,0,0,2
6.69,103,10,2,0,9,29,1549,0,1,2
6.05,1,2,3,1,77,46,1550,2,6,2
6.57,58,23,2,1,2,18,1551,0,1,2
6.63,3,30,2,0,136,10,1552,2,1,2
7.21,1,26,1,1,6,264,1553,1,0,2
7.21,2,26,1,11,65,15,1554,2,0,2
7.3,1,122,1,3,205,15,1555,1,5,2
7.6,2,24,1,0,124,62,1556,3,1,2
8.25,13,24,1,0,9,15,1557,0,1,2
7.65,12,24,1,0,17,5,1558,0,1,2
6.42,51,23,1,1,4,19,1559,0,26,2
7.18,2,30,2,10,120,89,1560,2,2,2
5.93,2,30,2,10,106,56,1561,2,2,2
6.27,52,25,3,0,2,3,1562,0,6,2
6.07,1,95,1,1,17,182,1563,1,5,2
6.03,1,44,1,3,17,182,1564,1,5,2
7.17,34,24,1,0,43,50,1565,0,1,2
6.51,49,25,1,0,9,105,1566,0,1,2
6.13,47,22,3,6,3,83,1567,0,1,2
6.08,1,42,1,1,169,62,1568,2,1,2
7.04,109,24,3,5,4,14,1569,0,1,2
7.07,1,43,1,0,22,4,1570,3,0,2
5.78,1,47,1,1,121,182,1571,2,0,2
7.54,2,24,1,0,12,18,1572,3,3,2
6.36,12,23,0,1,136,190,1573,0,2,2
8.08,6,18,1,4,112,49,1574,4,0,2
6.52,2,30,2,10,106,106,1575,2,2,2
6.95,2,24,1,0,0,11,1576,3,1,2
5.92,26,22,1,2,197,19,1577,0,0,2
6.62,5,22,1,0,74,67,1578,0,1,2
5.8,1,81,1,1,99,215,1579,1,5,2
6.62,52,23,1,0,2,59,1580,0,1,2
7.01,2,27,2,0,103,107,1581,2,1,2
7.33,35,23,1,0,3,299,1582,0,1,2
6.03,1,47,3,1,24,1,1583,2,0,2
7.11,1,24,3,0,19,25,1584,3,0,2
7.13,1,90,1,1,17,4,1585,1,0,2
7.35,13,24,1,0,19,13,1586,0,1,2
8.24,26,24,1,0,25,48,1587,0,1,2
7.93,13,25,0,0,19,18,1588,0,1,2
7.18,13,25,2,0,12,2,1589,0,2,2
7.19,12,25,1,0,18,4,1590,0,26,2
7.16,13,25,0,1,39,41,1591,0,1,2
6.28,38,26,2,0,8,24,1592,2,0,2
7.27,2,48,1,6,18,299,1593,3,1,2
5.0,50,25,1,1,22,299,1594,0,0,2
7.28,12,25,0,4,206,318,1595,2,0,2
5.91,1,67,1,4,1,3,1596,1,0,2
7.14,1,93,1,1,0,79,1597,1,26,2
7.12,13,23,1,3,0,15,1598,0,0,2
6.67,39,21,1,4,2,14,1599,0,0,2
7.22,137,24,1,0,34,299,1600,0,1,2
6.71,46,24,1,0,34,299,1601,0,1,2
6.63,15,7,1,1,20,206,1602,2,0,2
5.0,23,23,3,0,3,15,1603,0,0,2
8.53,13,24,3,2,2,72,1604,0,1,2
7.16,10,24,1,0,20,5,1605,0,1,2
7.06,12,24,1,11,4,380,1606,0,2,2
7.08,40,25,1,4,20,206,1607,0,0,2
7.0,74,25,1,0,3,299,1608,0,1,2
6.91,52,23,3,0,25,45,1609,0,0,2
6.28,37,23,1,1,2,206,1610,0,0,2
6.95,4,29,1,3,207,43,1611,2,2,2
7.22,24,24,1,2,17,380,1612,0,4,2
6.34,1,58,2,1,12,22,1613,2,0,2
6.53,48,24,3,1,156,206,1614,0,0,2
6.71,1,21,1,3,47,5,1615,1,6,2
5.62,1,25,2,0,12,17,1616,2,2,2
6.09,5,30,2,0,106,56,1617,2,2,2
7.16,42,24,1,3,58,14,1618,0,1,2
7.32,6,45,2,1,136,8,1619,0,0,2
6.88,24,25,1,0,17,21,1620,0,0,2
7.05,2,23,1,1,7,8,1621,3,1,2
7.38,12,25,1,0,8,43,1622,0,4,2
6.92,13,23,1,1,20,5,1623,0,1,2
6.13,26,24,1,1,9,44,1624,0,0,2
5.0,1,51,1,16,142,102,1625,1,26,2
7.13,26,22,0,1,5,15,1626,0,0,2
6.58,26,23,1,1,6,86,1627,0,0,2
7.52,20,23,0,6,22,299,1628,0,1,2
8.15,24,26,2,1,70,41,1629,2,5,2
6.7,2,29,2,0,103,2,1630,2,1,2
6.54,3,23,1,1,20,108,1631,0,1,2
5.81,3,30,1,2,0,30,1632,2,0,2
6.22,95,25,2,0,2,3,1633,0,1,2
6.94,24,23,0,1,208,4,1634,0,0,2
7.01,50,24,2,0,2,50,1635,0,1,2
6.94,2,23,1,0,67,30,1636,3,1,2
7.49,12,24,0,2,12,1,1637,0,0,2
7.12,1,30,1,0,24,1,1638,2,1,2
5.93,2,30,2,10,113,338,1639,2,0,2
6.37,50,25,1,1,209,19,1640,0,6,2
7.05,1,97,0,1,172,7,1641,1,26,2
6.32,4,45,2,1,8,215,1642,2,1,2
7.49,4,29,1,0,46,43,1643,3,0,2
7.07,26,24,2,0,24,8,1644,0,1,2
7.03,13,24,1,3,6,5,1645,0,1,2
6.59,12,24,1,0,42,72,1646,0,1,2
7.6,1,14,1,2,48,2,1647,3,4,2
7.24,12,25,1,0,46,88,1648,0,4,2
7.56,24,24,1,0,60,62,1649,0,1,2
6.91,47,24,3,1,156,206,1650,0,0,2
6.47,1,106,2,3,22,50,1651,1,5,2
6.97,21,10,1,5,63,8,1652,0,26,2
6.85,13,20,1,2,15,259,1653,0,0,2
6.46,12,24,2,0,10,8,1654,0,4,2
6.87,48,24,3,1,156,206,1655,0,0,2
6.16,1,30,1,0,24,50,1656,2,1,2
5.13,2,30,3,11,90,3,1657,2,26,2
5.0,12,20,3,0,210,102,1658,0,1,2
5.57,2,46,2,1,173,22,1659,2,0,2
6.66,2,27,2,10,188,90,1660,2,2,2
6.16,3,24,2,10,145,22,1661,2,2,2
7.76,373,25,1,0,3,126,1662,0,1,2
6.45,61,24,3,0,3,3,1663,0,1,2
7.42,12,27,2,10,120,89,1664,2,1,2
6.89,52,24,1,4,98,14,1665,0,0,2
7.2,30,26,1,0,74,206,1666,0,1,2
5.64,4,24,2,10,173,22,1667,2,0,2
6.31,34,25,1,5,2,171,1668,0,1,2
7.92,25,24,1,1,0,21,1669,0,0,2
6.94,2,30,1,1,65,36,1670,2,1,2
6.14,49,25,1,2,96,206,1671,0,26,2
7.28,26,24,1,0,12,11,1672,0,4,2
6.79,51,25,1,1,57,299,1673,0,1,2
6.12,1,30,2,10,38,66,1674,2,2,2
7.88,51,24,1,0,6,0,1675,0,1,2
7.22,3,29,2,0,65,26,1676,2,2,2
7.2,26,24,1,1,60,109,1677,0,2,2
5.43,1,27,1,1,16,181,1678,2,0,2
7.71,1,90,0,1,91,24,1679,1,1,2
7.84,13,24,1,0,6,18,1680,0,3,2
5.25,2,26,1,1,10,1,1681,2,1,2
7.48,12,23,1,0,3,15,1682,0,5,2
7.09,13,23,1,7,19,103,1683,0,4,2
6.85,13,24,1,0,211,67,1684,0,2,2
7.03,12,25,2,0,136,182,1685,0,1,2
5.57,1,59,2,1,70,62,1686,2,1,2
7.23,13,24,1,0,12,9,1687,0,2,2
5.0,25,24,3,0,22,299,1688,0,0,2
6.73,2,30,2,10,120,89,1689,2,1,2
6.18,52,24,3,1,2,43,1690,0,0,2
6.58,3,28,1,11,40,22,1691,2,1,2
6.07,4,2,2,2,12,18,1692,14,1,2
7.44,5,30,1,0,10,5,1693,2,2,2
6.95,24,23,0,1,148,4,1694,0,1,2
6.97,12,24,2,0,29,380,1695,0,4,2
7.29,26,24,1,0,67,1,1696,0,1,2
6.99,24,24,1,1,20,2,1697,0,1,2
5.34,1,36,0,1,212,110,1698,2,1,2
8.08,28,26,0,1,99,41,1699,2,5,2
7.0,12,24,2,1,42,4,1700,0,0,2
7.1,25,23,1,1,141,171,1701,0,0,2
6.88,50,24,3,0,2,3,1702,0,1,2
7.57,22,22,1,1,81,0,1703,0,1,2
5.8,2,30,2,7,106,56,1704,2,1,2
7.12,48,24,3,1,58,299,1705,0,0,2
8.17,12,24,2,4,5,182,1706,0,0,2
8.14,12,13,0,0,90,39,1707,2,1,2
5.98,2,30,2,10,106,56,1708,2,2,2
6.9,11,25,1,7,3,299,1709,0,1,2
7.65,26,24,0,7,6,5,1710,0,0,2
7.53,25,24,1,0,0,102,1711,0,1,2
6.95,3,45,1,3,18,55,1712,2,1,2
6.46,6,30,1,0,10,15,1713,2,0,2
5.97,30,20,3,0,6,1,1714,0,26,2
6.94,1,93,3,0,22,29,1715,1,1,2
6.35,2,29,2,8,213,111,1716,2,2,2
6.82,1,65,1,2,214,299,1717,1,8,2
5.91,1,19,1,0,12,17,1718,2,2,2
5.85,1,33,1,1,43,19,1719,1,6,2
6.8,39,24,3,2,2,14,1720,0,1,2
6.13,13,24,3,1,215,44,1721,0,1,2
6.99,5,29,2,10,188,90,1722,2,2,2
5.86,2,35,1,0,215,182,1723,2,1,2
7.84,1,61,0,1,216,25,1724,1,4,2
8.07,1,59,2,1,216,25,1725,1,4,2
8.35,1,112,1,1,42,96,1726,1,0,2
7.59,1,96,1,1,42,96,1727,1,0,2
5.99,1,48,1,0,82,3,1728,2,1,2
6.19,2,30,2,7,106,56,1729,2,1,2
6.48,69,25,3,0,7,83,1730,0,1,2
6.01,36,25,3,6,3,225,1731,0,1,2
4.31,1,30,1,1,140,10,1732,2,26,2
6.52,28,25,1,1,3,14,1733,0,1,2
6.58,26,25,3,3,14,14,1734,0,5,2
6.73,52,22,3,5,25,266,1735,0,5,2
7.7,104,3,3,0,2,182,1736,0,1,2
7.51,1,113,1,0,24,299,1737,1,1,2
6.42,91,24,3,0,91,171,1738,0,0,2
7.32,26,22,2,4,5,182,1739,0,1,2
7.29,5,35,1,0,13,8,1740,3,1,2
6.46,52,23,1,19,181,19,1741,0,0,2
5.73,13,25,3,3,2,100,1742,0,0,2
5.98,1,45,2,0,1,182,1743,2,1,2
6.33,52,25,1,1,217,112,1744,0,5,2
8.15,3,29,0,0,6,43,1745,3,4,2
7.94,52,25,1,4,2,33,1746,0,1,2
4.81,1,42,2,0,43,77,1747,2,1,2
5.98,2,30,2,10,218,93,1748,2,0,2
7.31,3,30,2,10,106,113,1749,2,2,2
6.82,2,28,2,10,106,56,1750,2,2,2
8.11,25,24,0,1,14,206,1751,0,0,2
7.65,1,80,1,1,41,2,1752,2,1,2
6.25,39,24,1,1,22,299,1753,0,0,2
5.0,77,24,1,0,16,3,1754,0,10,2
7.11,4,29,2,10,120,75,1755,2,1,2
6.64,2,29,2,10,219,106,1756,2,2,2
6.85,2,30,2,10,106,114,1757,2,2,2
7.05,1,110,1,0,43,55,1758,1,1,2
6.29,64,25,3,0,14,55,1759,0,1,2
7.32,13,23,1,0,6,86,1760,0,1,2
6.15,13,5,1,0,220,15,1761,4,5,2
7.42,154,24,1,1,7,126,1762,0,1,2
7.46,13,24,1,0,6,86,1763,0,1,2
6.27,1,44,2,1,23,1,1764,2,1,2
5.73,1,14,3,5,47,97,1765,1,10,2
6.77,6,22,1,0,53,39,1766,2,0,2
6.12,2,30,2,10,106,56,1767,2,1,2
6.14,4,40,0,16,221,77,1768,2,0,2
6.77,2,27,2,8,120,75,1769,2,1,2
6.45,50,25,3,1,3,171,1770,0,0,2
7.32,2,25,1,0,11,122,1771,2,1,2
5.39,1,24,2,16,222,71,1772,2,0,2
7.06,12,22,1,0,3,14,1773,0,1,2
6.93,1,96,1,1,4,6,1774,1,26,2
6.21,1,17,1,0,65,36,1775,2,26,2
7.34,51,24,1,0,2,48,1776,0,1,2
7.54,50,24,2,1,2,318,1777,0,1,2
6.69,52,22,3,2,2,102,1778,0,9,2
6.75,51,24,3,0,159,30,1779,0,0,2
6.65,39,20,3,1,2,259,1780,0,26,2
8.01,7,23,1,0,7,35,1781,2,1,2
7.1,12,5,1,0,0,5,1782,0,1,2
8.0,1,25,1,3,8,78,1783,3,2,2
7.13,12,23,2,0,6,12,1784,0,1,2
6.84,26,24,1,4,11,41,1785,0,4,2
6.53,1,66,1,3,3,299,1786,3,5,2
6.79,1,29,1,0,48,6,1787,3,26,2
8.33,13,24,1,3,6,43,1788,0,1,2
7.01,1,23,1,0,12,182,1789,3,1,2
6.07,3,20,0,20,23,50,1790,2,6,2
7.85,22,22,0,1,3,23,1791,0,0,2
6.98,6,12,1,1,223,182,1792,2,6,2
7.97,1,90,1,0,224,182,1793,1,1,2
8.17,1,112,1,0,6,46,1794,1,0,2
5.64,24,3,3,0,0,8,1795,4,0,2
6.42,26,23,3,3,225,299,1796,0,5,2
7.36,3,30,3,2,214,299,1797,2,0,2
5.5,1,35,1,0,1,62,1798,2,0,2
6.82,13,24,0,1,11,146,1799,0,1,2
7.08,1,24,1,0,0,5,1800,3,1,2
7.88,2,30,1,0,62,4,1801,2,1,2
6.51,7,5,1,0,12,1,1802,3,0,2
7.69,26,24,1,1,6,0,1803,4,0,2
8.96,24,24,1,0,8,78,1804,0,2,2
7.57,1,23,0,0,6,0,1805,3,0,2
7.35,24,24,0,1,226,380,1806,0,4,2
7.4,26,25,1,3,227,122,1807,0,6,2
7.04,25,23,1,2,6,15,1808,0,26,2
7.73,25,24,1,0,2,1,1809,0,1,2
7.11,3,23,0,0,228,88,1810,2,1,2
6.78,12,24,2,1,136,22,1811,0,1,2
6.56,51,20,1,0,2,3,1812,0,26,2
5.89,1,105,1,3,99,182,1813,1,0,2
6.33,25,23,1,0,2,34,1814,0,1,2
6.1,1,30,1,3,19,380,1815,2,2,2
6.98,13,24,2,0,24,4,1816,0,1,2
8.24,25,24,1,0,48,1,1817,0,4,2
6.68,39,23,1,1,225,299,1818,0,0,2
5.93,12,24,0,1,172,182,1819,0,6,2
7.9,1,46,0,1,216,25,1820,1,4,2
8.56,1,114,0,1,216,25,1821,1,4,2
5.88,100,10,3,0,2,115,1822,0,1,2
6.84,26,24,1,1,2,0,1823,0,0,2
5.79,2,20,2,10,229,56,1824,2,2,2
7.1,2,30,2,10,38,116,1825,2,2,2
6.5,6,1,1,0,17,50,1826,3,1,2
6.68,13,1,3,0,230,275,1827,0,0,2
7.23,91,25,1,0,6,50,1828,0,6,2
7.23,14,24,1,0,17,78,1829,0,4,2
6.98,13,25,1,2,142,15,1830,0,26,2
7.29,1,92,1,1,6,3,1831,1,1,2
6.19,52,21,1,0,82,30,1832,0,0,2
7.82,1,116,1,0,82,102,1833,1,1,2
7.82,1,42,1,0,10,78,1834,2,3,2
8.17,11,23,1,0,3,1,1835,0,1,2
7.29,12,23,3,3,22,72,1836,0,1,2
6.58,2,30,2,7,113,338,24,2,0,2
6.74,2,27,2,8,291,90,8,2,0,2
