Score,Episodes,Duration_format,Genre_format,Name_format,Source_format,similarity
7,76,24,1,5313,1,0.9999989834449874
6,63,10,0,4765,6,0.9999985872908463
5,70,5,0,5044,1,0.9999975729296559
8,72,8,0,5651,6,0.9999973834961492
7,59,24,2,5031,0,0.9999964585460674
5,100,13,0,6101,1,0.9999961005903775
7,66,23,0,6044,1,0.9999955584319173
6,51,24,0,4219,0,0.9999952891910691
8,51,24,0,4268,1,0.9999949911682561
6,51,24,1,4361,0,0.9999949887255913
9,51,24,0,4193,1,0.9999948927565853
6,60,1,0,4356,6,0.9999948460444315
5,51,24,0,4600,0,0.9999941395256983
5,52,1,0,4301,0,0.9999941191810774
5,50,23,0,4602,0,0.9999939283511367
7,50,24,1,4501,0,0.9999938971652533
7,50,24,1,4533,1,0.9999937712837107
6,50,5,0,4568,1,0.9999936395286038
5,50,24,0,4624,1,0.9999934115992126
6,50,23,0,4782,0,0.9999929570003182
5,49,10,0,4737,6,0.9999926958997993
5,44,10,0,4347,5,0.9999922129389801
7,64,7,1,6133,2,0.9999921371631052
5,51,23,2,5063,0,0.9999919527418345
5,50,24,0,4928,0,0.9999917533042164
7,51,24,1,5058,0,0.9999917220926791
6,50,23,1,4998,1,0.9999916649951318
5,55,24,2,5585,0,0.9999913721790425
7,97,23,0,5428,1,0.9999912731171823
5,47,6,0,4652,0,0.9999912401730491
5,47,24,4,4598,0,0.9999911292186591
7,49,24,1,4935,0,0.9999909333602489
8,51,23,0,5220,1,0.9999909314998805
5,50,5,0,4920,0,0.9999908975536966
7,52,22,1,5393,1,0.9999908151942547
5,60,24,1,6263,1,0.9999906823415583
5,50,24,1,5178,1,0.9999902049828341
5,50,3,0,4919,0,0.999989942966668
5,50,1,0,4777,1,0.9999899063804921
7,51,12,16,4749,1,0.9999897417166781
7,60,34,0,4373,1,0.9999893417126242
5,50,15,0,5411,0,0.9999893304419396
7,39,9,0,4200,1,0.9999889986568425
7,41,8,0,4302,6,0.9999889811211746
5,50,24,1,5433,0,0.9999884849267446
7,51,5,17,4366,1,0.9999884717882761
5,50,2,0,5049,0,0.9999883724196876
8,49,24,1,5328,0,0.9999883243688192
5,50,3,0,5129,0,0.9999882587640936
7,50,24,0,5479,1,0.9999881975317444
8,52,24,0,5731,1,0.9999881440018801
5,50,24,4,5572,0,0.9999873533883679
5,50,24,4,5610,0,0.9999870898518802
5,50,1,0,5145,0,0.9999870438841725
5,88,25,0,4762,1,0.9999870435544054
5,51,24,0,5781,0,0.9999869184382435
5,50,24,4,5641,2,0.9999868603264487
7,50,1,16,4257,0,0.9999868151822371
5,50,24,1,5769,0,0.9999861313089787
6,39,24,0,4253,0,0.9999860625734299
5,85,40,0,5159,1,0.9999860229040445
5,50,24,0,5798,1,0.9999859253781413
7,49,24,1,5705,0,0.9999857252847303
6,50,24,1,5850,0,0.9999855960070779
7,63,10,1,5617,26,0.9999855163010795
7,52,24,0,6120,2,0.99998547319099
7,52,8,1,5983,2,0.9999850744607629
7,50,24,2,5929,1,0.9999850380169725
5,50,24,1,5934,2,0.9999849467578383
5,50,24,1,5940,2,0.9999849040331522
5,50,24,1,5951,2,0.9999848256956962
5,50,24,2,5951,2,0.9999848065829351
5,50,24,0,5956,1,0.9999848000199332
5,50,24,0,5964,2,0.9999847239700427
5,50,24,1,5982,2,0.9999846048782028
8,50,25,1,5975,1,0.9999845645036537
5,52,24,1,6243,2,0.9999845609308238
5,45,3,0,5048,1,0.9999845416448784
8,50,22,3,6030,1,0.9999844763538287
5,50,24,0,6005,1,0.9999844504150209
7,50,24,1,6022,1,0.9999843982779141
5,47,30,0,5330,0,0.99998439480103
9,39,23,0,4509,1,0.9999843865416914
5,50,24,1,6015,0,0.9999843790598192
7,50,16,10,5894,2,0.9999843598717362
5,50,24,0,6021,2,0.9999843178428206
7,50,24,0,6037,1,0.9999842827403427
5,50,24,3,6032,2,0.9999841845769896
5,50,24,11,5830,1,0.9999841789870447
5,50,24,8,5976,2,0.9999839276598003
5,50,24,0,6080,1,0.9999839153101082
5,50,24,0,6084,1,0.9999838867791261
5,50,3,0,5668,1,0.999983885051781
5,50,24,0,6083,2,0.999983876112733
5,50,24,8,5989,2,0.9999838385201827
5,50,24,0,6045,6,0.999983800534603
5,50,24,13,5815,0,0.9999836060365994
5,50,24,0,6136,1,0.9999835160187586
6,50,20,10,6027,1,0.9999835017842764
5,50,24,0,6142,1,0.9999834732594689
5,50,24,1,6162,1,0.9999833400422958
5,50,24,2,6163,1,0.9999833158711978
5,50,24,2,6181,2,0.9999831709762399
5,50,24,0,6211,1,0.9999829819451579
6,39,11,0,4771,6,0.9999829817595945
5,50,24,2,6213,1,0.9999829604280717
5,50,24,0,6216,1,0.999982946377214
5,50,24,1,6220,1,0.9999829272377426
5,50,24,3,6215,1,0.999982903755047
5,50,24,1,6224,1,0.9999828987929308
5,50,24,2,6223,2,0.9999828728892419
5,50,24,1,6236,2,0.9999827970872815
5,50,24,4,6225,1,0.9999827648030952
5,50,24,1,6244,2,0.9999827403002152
5,50,24,1,6248,1,0.9999827281990735
5,50,24,2,6246,1,0.9999827261057327
5,50,24,2,6245,2,0.9999827168896772
5,50,24,0,6253,1,0.9999826833457809
5,50,24,0,6254,1,0.9999826762412527
5,50,24,3,6249,1,0.9999826629318997
5,50,24,0,6261,2,0.9999826103429726
5,50,24,1,6265,2,0.9999825913053912
5,50,24,1,6266,0,0.9999825910062232
5,50,24,0,6267,1,0.9999825839049388
5,50,24,1,6278,2,0.9999824991248467
5,50,2,0,5780,0,0.9999824975371148
5,50,24,1,6281,0,0.9999824845141556
5,50,24,1,6282,0,0.9999824774167902
5,50,24,0,6284,1,0.9999824632228637
5,50,24,0,6285,1,0.9999824561263042
7,38,23,1,4648,1,0.9999823891601839
5,50,24,4,6283,2,0.9999823397442935
5,50,24,8,6256,0,0.9999820119972789
5,50,24,8,6277,0,0.9999818677284904
7,50,30,10,6057,0,0.9999817328803121
8,42,16,1,5392,1,0.9999816800384974
5,50,24,13,6217,1,0.9999810424342511
5,50,5,0,6113,5,0.9999809349731958
5,39,1,0,4662,0,0.9999806423887456
7,48,7,1,6025,6,0.9999804019386541
5,50,5,20,5460,0,0.9999802608297439
5,50,24,16,6178,0,0.9999802124096865
5,50,24,16,6208,1,0.9999800387646391
5,50,24,17,6150,0,0.9999799691795344
7,52,24,1,4897,26,0.9999799609843557
5,32,10,0,4239,0,0.9999799142985876
7,45,24,1,5969,0,0.9999798458370828
6,51,8,1,4335,26,0.9999797846359206
6,48,5,13,5788,1,0.9999797521010563
5,50,24,16,6257,0,0.9999797300896438
7,48,8,1,6190,6,0.9999794109486778
6,50,4,7,6237,0,0.999979358132802
6,50,1,0,6155,1,0.9999791290969725
5,50,8,15,6195,0,0.9999789451132097
6,36,12,0,4894,1,0.9999787616491546
5,50,1,0,6206,0,0.9999786841094294
5,50,24,19,6258,0,0.9999784498480239
5,50,24,20,6145,6,0.9999782552130548
5,50,4,11,6271,1,0.9999782348776447
7,51,24,8,5034,26,0.9999781918092
5,50,24,20,6222,0,0.9999781732741139
5,50,24,20,6242,0,0.9999780626946428
7,50,23,0,5413,26,0.9999779835572097
5,37,24,4,5029,1,0.9999775489336304
5,50,24,25,5819,0,0.9999771333666144
7,50,24,8,5442,26,0.9999768140166854
7,49,24,0,5464,26,0.9999767567374785
6,75,24,2,4454,26,0.9999767476895232
6,50,24,0,5862,26,0.9999762801685737
7,50,23,0,5932,26,0.999976151338533
5,40,5,2,5483,0,0.9999760011248618
9,39,23,1,5600,1,0.9999759050668857
5,50,24,2,5953,26,0.9999758697102706
7,50,24,0,6018,26,0.9999756740292443
5,50,1,16,6260,1,0.9999753704063412
5,50,24,13,5424,26,0.9999751734911244
8,40,7,1,5679,2,0.9999750202246493
5,50,24,0,6232,26,0.9999746983350918
6,34,7,4,4883,0,0.9999746492897108
5,50,24,1,6268,26,0.999974548211914
5,50,24,1,6286,26,0.9999744679867155
7,39,1,0,5404,6,0.9999731538034905
5,50,3,0,5905,26,0.9999728890917583
7,36,24,1,5493,1,0.9999728129807336
5,50,24,15,6219,26,0.9999721807162829
6,40,10,2,6126,1,0.9999721120989541
6,30,9,0,4698,2,0.9999714318262355
5,50,24,17,6273,26,0.9999712197355849
7,30,16,1,4840,1,0.999970827230857
5,33,30,0,4866,0,0.9999706756267003
7,49,23,20,5650,26,0.9999705555437735
5,40,7,1,6264,2,0.9999700709043438
5,40,7,2,6274,0,0.9999699816805359
5,26,12,1,4300,1,0.9999696204904623
7,26,12,0,4250,6,0.9999692620771187
6,36,25,0,5990,1,0.9999689030230801
5,115,24,0,5320,0,0.9999687838458439
5,27,15,0,4638,0,0.9999679033284018
6,33,26,0,5549,1,0.999967779637674
6,52,23,26,5046,26,0.9999676986863396
5,26,5,0,4305,0,0.9999675924867482
6,32,9,12,5124,6,0.9999672562125844
8,26,24,0,4240,1,0.9999670285575419
6,42,45,0,6152,1,0.9999669036997229
6,26,24,0,4294,0,0.9999668286956732
8,100,1,0,4671,1,0.9999667528960476
5,24,10,0,4204,5,0.9999661366501951
6,26,2,0,4220,6,0.9999660641957144
8,100,24,8,4620,0,0.9999660357154162
6,24,19,0,4221,4,0.9999655950746574
9,25,24,0,4185,1,0.9999653875294353
6,26,3,0,4416,1,0.999965297832605
7,25,23,1,4350,2,0.999964963281441
9,25,23,0,4320,1,0.9999649317337711
5,26,5,5,4458,5,0.9999649258713876
7,26,24,1,4551,0,0.9999647872193136
6,89,24,13,4623,26,0.9999646795182648
8,25,23,0,4381,0,0.9999646313400115
7,24,13,0,4417,1,0.9999646219573215
6,51,23,26,4625,26,0.9999643963694113
5,32,9,12,5472,6,0.9999643560821355
6,25,24,0,4378,0,0.9999643481381661
7,24,23,0,4218,1,0.9999641553118325
5,26,15,2,4843,0,0.9999641378912338
8,25,24,1,4394,0,0.9999640419788507
5,26,13,2,4842,0,0.999964027690866
8,25,23,0,4488,1,0.9999638012762582
7,25,24,0,4449,1,0.999963747481924
5,26,5,0,4679,0,0.9999635175808499
8,25,25,2,4391,2,0.9999634310822879
8,26,25,1,4706,0,0.9999630892617568
5,27,2,0,4759,0,0.999962894642505
7,25,24,8,4446,1,0.9999624002505112
5,26,22,0,4959,0,0.9999623074413048
5,26,22,0,5021,0,0.9999618144974504
8,25,24,1,4705,0,0.9999617395054278
8,25,23,0,4792,1,0.999961462245505
7,26,23,4,5011,2,0.9999613917078218
8,24,14,1,4768,1,0.9999611478164285
6,24,23,2,4607,0,0.9999611386709535
8,25,24,0,4794,0,0.9999610810579527
9,23,23,4,4309,2,0.9999608312690581
6,24,23,0,4691,0,0.9999605249195429
7,25,24,0,4905,1,0.9999603547876842
7,24,24,6,4590,1,0.9999601631715648
7,25,23,0,4974,0,0.9999601563287633
7,25,23,1,5020,2,0.9999597963726847
6,24,23,4,4774,0,0.9999596559292612
7,26,17,0,5368,1,0.9999595996916506
7,26,23,1,5291,2,0.9999595291985123
5,27,1,0,5056,1,0.9999594799575757
7,24,14,2,4962,2,0.9999593957650705
5,30,1,3,5615,1,0.999959352239084
8,25,23,0,5084,1,0.9999592881215181
5,30,1,0,5657,1,0.9999590777809968
7,50,24,26,4254,26,0.9999590306374145
8,26,23,3,5351,2,0.9999589652478478
8,26,20,1,5430,2,0.9999589225786006
6,26,22,1,5354,6,0.9999588165052816
6,25,24,0,5128,0,0.9999587599968144
7,26,3,0,5073,1,0.9999587251500013
7,24,23,1,4930,2,0.9999586709420341
8,30,5,0,5941,2,0.9999586698845948
7,26,7,0,5273,1,0.9999586590762002
5,26,12,2,5465,0,0.9999582871756019
8,25,24,1,5187,2,0.9999582606443082
8,24,24,2,4993,1,0.999957839307798
8,24,24,1,5000,1,0.9999578229311342
8,25,23,0,5293,1,0.9999577857798354
8,24,24,0,5007,1,0.9999577664525573
8,24,24,0,5014,1,0.9999577176764032
8,24,24,0,5030,1,0.9999576063453209
8,22,24,6,4387,1,0.9999575536623576
7,25,24,0,5324,1,0.9999573790098835
5,26,23,5,5556,0,0.9999573349577584
6,24,23,0,5120,0,0.99995732576661
9,26,23,1,5606,1,0.9999572314610335
8,24,24,2,5082,1,0.9999572230509784
8,22,25,3,4460,1,0.9999571413861992
5,104,1,5,4611,0,0.999957122486541
7,24,25,8,4903,2,0.9999570579397873
8,22,23,1,4626,2,0.999957023618556
7,24,23,1,5161,0,0.9999570227325117
8,24,22,0,5204,1,0.9999568863509577
7,26,19,1,5733,2,0.9999567672355578
5,24,2,2,4806,5,0.9999566806050634
5,24,23,1,5216,1,0.9999566307108007
6,25,24,1,5451,0,0.9999565143282223
7,24,24,1,5202,0,0.9999564748504515
7,24,24,1,5127,6,0.9999564690976017
7,26,23,16,5107,2,0.9999564035135794
5,25,24,5,5427,1,0.9999563508528813
5,24,15,1,5346,1,0.9999562710595222
7,24,24,1,5256,0,0.9999561059846332
5,26,24,0,5774,1,0.9999559657284638
8,24,22,1,5335,1,0.9999559607693942
8,24,24,1,5298,2,0.9999557570520299
7,26,26,1,5760,2,0.9999556907420437
6,26,7,0,5655,1,0.9999554744223529
8,22,25,0,4770,1,0.9999552538967047
6,24,22,1,5467,1,0.9999550794826285
8,25,24,0,5672,1,0.9999550173689051
8,25,24,1,5689,1,0.9999549162359043
7,24,23,0,5466,1,0.9999549045661923
8,25,23,0,5723,1,0.9999548499508669
9,24,22,3,5474,1,0.9999548419264594
8,24,23,6,5409,1,0.9999547916450015
7,24,12,0,5485,2,0.9999547705456812
8,24,22,4,5486,0,0.9999547290075103
6,25,15,11,5547,1,0.9999547167570967
8,24,23,2,5484,2,0.9999547074943473
5,23,23,2,5234,1,0.9999546895784402
8,24,24,1,5511,1,0.9999543800227503
9,24,24,1,5512,1,0.9999543073084711
8,22,24,1,4996,0,0.9999541497230323
7,24,23,0,5593,2,0.9999540315767232
7,24,23,3,5630,1,0.9999537425570797
7,24,24,0,5638,0,0.999953574423615
5,26,23,1,6172,0,0.9999535236911389
5,26,23,1,6173,0,0.9999535174093466
7,18,13,0,4201,6,0.9999534757086673
9,25,23,0,5939,1,0.9999534132230014
8,24,23,1,5721,1,0.9999532031589968
7,26,22,4,6238,2,0.999953115601975
6,24,1,0,5212,1,0.9999529658436294
9,22,25,3,5102,1,0.9999529488462141
5,26,5,0,5851,5,0.9999529214311536
5,26,24,0,6262,1,0.9999528717714575
6,23,1,0,5008,0,0.9999528693956448
8,24,24,4,5725,1,0.9999528598157027
5,24,12,11,5533,2,0.9999526590711278
6,24,11,11,5532,2,0.9999525000788688
7,20,14,0,4816,6,0.9999524745403641
8,23,23,0,5584,2,0.9999523382564842
7,24,23,1,5869,1,0.9999522829172214
7,25,23,0,6144,1,0.99995218985276
6,24,24,1,5860,1,0.9999521865173896
6,25,4,17,5150,0,0.9999518153237095
9,24,23,1,5986,1,0.9999515017780788
6,24,23,1,6038,0,0.9999512108107789
8,26,3,0,6013,1,0.9999511962700582
8,24,24,1,6036,1,0.9999511199842483
8,23,23,0,5793,1,0.9999510479020172
8,21,16,0,5258,6,0.9999510415327769
6,21,2,0,4859,0,0.9999509393743915
7,24,24,1,6087,1,0.9999508278051944
6,20,13,1,5022,6,0.9999507746994248
7,24,3,0,5627,1,0.9999507357943711
7,24,23,7,6042,2,0.999950674038908
8,24,3,0,5574,6,0.9999506659592117
7,24,24,0,6118,0,0.9999506264677432
8,23,23,0,5897,0,0.9999504035741452
5,24,24,1,6187,2,0.9999501578470658
7,21,24,1,5441,1,0.9999495281419704
7,26,24,1,4384,26,0.9999493019961364
6,26,14,1,5292,26,0.9999486974575669
6,20,24,1,5308,2,0.9999484450516747
7,20,20,3,5446,2,0.9999481709620542
6,26,24,1,5231,26,0.9999480857558538
5,26,3,0,4646,26,0.9999479780572097
5,22,15,1,6053,1,0.999947714199612
6,24,3,0,6079,0,0.9999475218455482
8,21,24,1,5808,1,0.9999473575725903
7,24,1,0,6004,1,0.9999471030625927
5,26,12,5,5635,26,0.9999466395098577
5,22,24,1,6255,2,0.999946516941564
6,26,10,1,5728,26,0.9999461150388798
6,26,44,0,6078,2,0.9999460949242054
6,24,24,0,4453,26,0.9999456687314866
7,24,24,1,4330,26,0.9999455635617043
7,20,14,19,4872,1,0.9999455528994997
5,20,24,9,5706,1,0.9999450886617075
5,24,25,0,4763,26,0.9999450476886501
7,25,23,1,5818,26,0.9999448829861962
7,24,23,8,4546,26,0.9999447242486642
6,24,24,1,5230,26,0.9999446276082947
5,20,20,3,6043,1,0.9999445239440662
5,20,24,0,6040,0,0.9999442810617094
5,16,12,3,4839,6,0.9999436458087463
7,15,14,0,4566,6,0.9999436294413234
6,23,41,0,5987,2,0.9999433465155069
7,23,24,0,5501,26,0.9999422093475221
6,13,15,3,4298,0,0.9999413815497874
7,26,23,20,4836,26,0.999941283007256
5,30,53,16,5647,1,0.9999408045664114
8,14,15,0,4744,1,0.9999406797229443
5,20,5,0,6239,0,0.9999406377184157
7,13,13,0,4432,1,0.9999405020329661
6,15,14,5,5066,1,0.9999404795470185
5,25,2,29,5254,0,0.9999404153541372
6,13,7,0,4296,0,0.9999403876478734
7,13,7,0,4288,1,0.9999403788053327
6,13,7,0,4328,1,0.9999401343850631
7,13,15,1,4496,2,0.9999400365112932
7,16,17,0,5518,6,0.9999397911828988
7,13,23,0,4226,1,0.9999394888880183
5,20,1,16,5571,1,0.9999392878740508
8,15,15,0,5318,1,0.999939264405282
5,17,30,0,5614,0,0.999939258509734
7,13,3,0,4198,1,0.9999392190485
8,17,18,1,6054,2,0.9999392046794123
7,13,7,0,4442,0,0.9999391681833623
6,13,7,7,4312,0,0.999939164931565
7,16,15,1,5691,1,0.9999391414388352
7,13,24,0,4182,1,0.999939113583118
7,15,16,1,5278,6,0.999939106761806
5,16,21,1,5724,0,0.9999389390315512
7,13,23,0,4207,6,0.9999387542936868
8,13,24,3,4196,0,0.9999387472528128
8,13,24,1,4229,2,0.9999387255683252
7,13,23,0,4252,6,0.9999385608504936
8,21,23,1,5623,26,0.9999385356831035
7,15,19,0,5377,6,0.9999384952890483
8,16,20,0,5759,6,0.9999384438386018
8,13,24,0,4311,1,0.999938430224019
8,13,24,1,4314,0,0.999938417662685
7,13,24,4,4295,0,0.9999383197377885
7,13,24,1,4376,0,0.9999382800090794
7,18,23,19,5497,2,0.9999382504140666
7,13,24,0,4382,2,0.9999382074986763
8,13,24,0,4369,1,0.9999381867898143
5,13,6,0,4440,6,0.9999381491145537
8,13,23,1,4484,2,0.9999381229933396
7,13,24,1,4421,1,0.9999380908587523
8,13,14,0,4784,1,0.9999380849407319
7,13,24,0,4425,2,0.9999380224769442
7,13,24,1,4445,1,0.9999379869350855
7,12,17,0,4410,1,0.9999379685211075
9,16,23,1,5895,1,0.9999378945157715
7,13,24,0,4465,1,0.999937894395672
8,13,23,3,4514,2,0.9999378511675273
8,15,24,1,5445,2,0.9999378451239503
7,13,24,0,4472,2,0.99993781996198
8,13,7,0,4614,0,0.9999378011931654
6,12,12,8,4247,2,0.9999377784841068
8,13,24,1,4477,1,0.9999377370218366
5,13,1,0,4242,1,0.999937698554726
8,13,24,0,4512,1,0.9999375829800302
7,12,9,0,4408,1,0.9999375598912059
5,13,24,0,4406,6,0.9999374895685251
6,13,3,0,4431,1,0.999937470382672
8,13,23,1,4639,0,0.9999374514237974
8,13,24,1,4572,1,0.9999373352431373
5,13,3,0,4455,0,0.9999372973403616
8,13,23,0,4672,0,0.9999372945698245
6,12,23,1,4184,1,0.9999371902129591
8,12,14,0,4555,2,0.9999370987607494
5,13,2,0,4407,0,0.9999370695468222
6,13,24,1,4669,0,0.9999370562842032
8,13,24,1,4637,0,0.9999370536734881
6,13,7,7,4615,0,0.9999370009015104
7,120,24,1,5051,26,0.999936977686108
8,12,23,1,4190,1,0.9999369283807306
8,12,23,0,4194,1,0.9999369073181814
8,12,23,1,4186,2,0.9999368923275599
5,16,20,1,6149,0,0.9999368850465206
8,13,24,4,4621,1,0.999936866512816
7,12,23,0,4227,2,0.9999368607387915
5,16,19,0,6108,5,0.9999368519656998
6,12,7,0,4438,0,0.9999367818437765
8,12,23,0,4228,1,0.999936766528493
6,20,14,1,5673,26,0.9999367659476491
8,13,24,6,4560,1,0.9999366961407351
6,15,24,1,5713,0,0.9999366894305173
7,12,23,0,4281,1,0.9999366805663792
8,13,24,0,4743,1,0.9999366056144271
8,12,23,0,4274,1,0.9999365754219672
8,13,24,1,4753,1,0.9999365703969457
7,13,24,0,4618,6,0.9999365601295868
7,13,23,0,4715,6,0.9999365534471906
7,12,23,3,4265,2,0.9999365490750199
8,12,23,1,4277,2,0.9999365182850304
7,12,23,0,4319,1,0.999936517455988
6,12,23,0,4338,1,0.9999365099219583
7,12,23,0,4313,2,0.999936494657481
7,13,24,0,4795,1,0.9999364671996046
6,12,24,0,4225,1,0.9999364425716922
7,12,23,1,4334,2,0.9999364103840775
7,12,23,1,4339,2,0.9999363890769339
6,13,4,7,4516,0,0.9999363794989881
7,12,23,0,4367,1,0.9999363112476379
5,16,20,1,6275,1,0.9999363029199578
9,13,24,2,4769,2,0.9999363021807494
6,12,23,4,4310,2,0.9999362819947869
6,12,23,1,4398,0,0.9999362464538214
5,12,4,0,4336,1,0.9999362434333012
6,12,2,0,4181,1,0.9999362376196504
7,12,24,0,4266,1,0.9999361993528049
6,12,22,0,4503,0,0.9999361834724727
6,12,24,1,4297,0,0.9999361576547111
7,12,3,0,4261,1,0.9999361553455955
5,13,14,0,5024,6,0.9999361397239465
7,13,3,0,4612,0,0.999936094150879
7,13,24,8,4594,1,0.9999360596338824
8,12,24,0,4269,1,0.9999360519704044
8,12,24,2,4260,1,0.9999360402502444
8,12,23,0,4404,1,0.9999360328356498
8,12,23,0,4411,1,0.9999360035607333
7,13,24,1,4904,2,0.9999359743006587
7,12,23,2,4427,2,0.9999359685879322
8,12,23,0,4428,1,0.9999359324546295
7,12,23,3,4415,2,0.9999359225052009
7,12,8,0,4604,1,0.9999358994591175
6,12,13,2,4660,6,0.9999358754612708
6,12,24,0,4371,1,0.9999358628162914
7,12,24,3,4331,1,0.9999358035622645
7,12,23,0,4486,1,0.9999358001287968
8,12,23,1,4457,2,0.999935772527077
7,12,24,1,4379,1,0.9999357661818941
7,12,24,0,4388,1,0.9999357255294645
6,12,3,0,4333,1,0.9999356970750601
6,12,24,1,4403,2,0.9999356945269906
8,13,13,0,5169,1,0.9999356807986713
5,12,13,0,4809,0,0.9999356169253462
5,16,28,1,6235,2,0.999935615264732
7,12,24,0,4418,0,0.9999356025307203
8,12,24,2,4380,1,0.9999355934734022
7,12,24,0,4414,2,0.9999355782254752
7,12,24,1,4433,0,0.9999355494782589
5,12,15,2,4841,1,0.999935518642544
7,12,24,0,4443,1,0.9999355102886766
5,12,4,0,4435,0,0.999935505141678
9,14,24,0,5502,1,0.9999355031920761
8,12,22,2,4613,1,0.9999354930518274
7,12,24,2,4426,2,0.9999354919875139
7,12,24,0,4456,1,0.9999354593108628
8,13,23,0,5087,1,0.9999354527703783
7,12,23,1,4569,0,0.9999354445764134
8,13,23,11,4251,6,0.999935437344837
8,13,23,1,5086,2,0.9999354341919849
6,12,23,6,4419,1,0.9999354204036035
6,12,13,1,4845,1,0.9999354188296052
6,12,24,0,4489,0,0.9999353841249445
6,12,24,0,4492,1,0.9999353780818009
7,12,23,4,4521,0,0.9999353749230374
7,12,24,0,4475,2,0.999935340755066
7,12,24,3,4441,2,0.9999353385013743
7,12,23,0,4597,1,0.9999353249335619
6,12,24,0,4497,2,0.9999353145997785
6,12,22,1,4692,0,0.9999353089190798
8,12,24,0,4470,1,0.9999352923439506
6,12,24,1,4519,0,0.9999352696886098
7,12,22,3,4665,1,0.9999352693199868
5,12,12,0,4844,2,0.999935249715715
7,12,24,0,4510,1,0.9999352472439947
7,12,23,1,4617,1,0.9999352460880183
7,12,23,1,4632,0,0.9999351756454244
8,12,23,7,4359,1,0.9999351537437711
7,12,2,0,4315,1,0.9999351514378575
8,12,24,1,4499,2,0.9999351442512003
8,12,24,0,4511,1,0.9999351356798217
7,12,24,0,4539,1,0.9999351332008369
7,12,23,1,4642,0,0.9999351330506517
7,12,24,0,4532,2,0.9999351182270761
5,16,3,0,5797,0,0.999935109536359
7,12,24,0,4547,1,0.9999351017274262
6,12,24,0,4561,0,0.9999350947419599
7,12,23,0,4654,1,0.9999350819736434
6,12,23,0,4656,2,0.9999350810191094
6,13,24,6,4997,1,0.9999350767199169
8,13,24,11,4474,1,0.9999350616263307
6,12,24,1,4574,1,0.9999350551657884
9,12,24,0,4273,6,0.9999350504577584
5,12,23,1,4673,0,0.9999350469583359
7,12,24,4,4491,0,0.9999350424743398
8,12,23,1,4643,1,0.999935040992424
5,12,3,0,4423,2,0.9999350125419966
6,12,24,0,4585,0,0.9999349982774357
5,12,2,0,4195,7,0.9999349956613451
7,13,23,9,4876,2,0.9999349736675951
6,12,24,2,4580,2,0.9999349484840917
8,12,25,1,4422,2,0.9999349019850682
5,12,9,2,4801,0,0.9999348958993147
7,12,23,1,4699,0,0.9999348908146438
8,12,23,0,4676,0,0.9999348904397227
9,13,23,0,5197,0,0.9999348816596011
9,13,23,0,5199,1,0.9999348813485618
7,12,24,0,4610,1,0.999934853765779
7,12,18,1,4938,2,0.9999348443844779
6,12,2,0,4368,1,0.9999348427792516
7,12,11,0,4884,0,0.999934841267615
7,12,23,0,4553,6,0.9999348207835317
8,12,24,0,4595,1,0.9999348137619097
5,20,1,0,4856,26,0.9999347942162284
7,12,24,3,4588,2,0.9999347759306343
6,12,24,1,4647,1,0.9999347624439903
8,12,24,1,4608,2,0.9999347297094946
6,12,23,4,4683,2,0.9999347182729289
8,12,24,0,4633,1,0.9999346678778628
7,12,24,0,4658,1,0.9999346648348653
7,13,23,11,4761,0,0.9999346256255428
5,12,5,2,4619,2,0.9999346245829045
7,12,24,8,4292,0,0.9999346146583632
7,12,23,3,4740,1,0.9999346044740661
7,12,24,1,4666,2,0.9999346007799113
7,12,24,1,4680,2,0.9999345460721276
8,13,23,0,5297,0,0.9999345443822769
7,12,24,0,4686,2,0.9999345158843798
7,12,23,1,4790,1,0.9999345133906339
7,12,23,0,4789,1,0.9999345105176719
8,12,24,1,4677,0,0.9999344988803341
8,13,23,8,5072,1,0.9999344923930905
9,13,25,2,5004,6,0.999934480721716
8,12,26,0,4383,2,0.9999344256728808
8,14,23,2,5814,2,0.9999344035660785
6,12,4,0,4490,6,0.9999343912178098
7,12,2,0,4424,1,0.9999343784388637
8,12,24,0,4531,6,0.9999343594175331
7,12,23,0,4831,1,0.9999343340792608
7,12,24,4,4670,2,0.9999343301278758
8,12,24,0,4540,6,0.9999343280205382
8,13,13,0,5416,1,0.999934317566907
7,12,23,0,4835,1,0.9999343173124979
6,12,5,0,4682,0,0.9999342673675573
7,13,23,1,5382,1,0.9999342447240379
6,12,23,2,4855,1,0.9999342390322189
7,12,25,1,4650,2,0.9999342143950098
8,13,24,1,5323,0,0.9999342113635563
6,12,23,1,4862,2,0.9999342094824755
7,13,23,1,5385,2,0.9999342060192578
7,12,2,0,4451,1,0.9999341918514042
5,12,24,4,4719,2,0.9999341849198606
7,12,23,0,4867,1,0.9999341834179475
8,11,22,0,4329,2,0.999934182801683
7,12,23,2,4860,2,0.9999341498709852
8,12,24,2,4764,1,0.9999341347647144
7,12,24,0,4793,1,0.9999341344755397
7,12,24,1,4800,1,0.9999341141575545
9,12,24,3,4716,1,0.9999341021608046
6,12,7,0,4735,6,0.9999341006099637
7,12,23,0,4885,2,0.9999340737520767
8,12,23,0,4878,1,0.999934063596182
8,13,24,3,5337,2,0.9999340483437668
7,12,24,1,4815,0,0.999934048295885
7,13,3,0,4926,1,0.9999340295325841
7,12,12,0,5053,1,0.9999340285656538
6,12,11,3,5005,2,0.9999340231853069
8,13,23,0,5429,1,0.9999340008539243
8,12,24,2,4798,2,0.9999339688615423
8,12,23,0,4896,2,0.9999339556612123
6,12,24,8,4507,2,0.999933945016174
8,12,12,0,5059,1,0.999933933995186
7,12,23,0,4927,1,0.9999339335605616
7,12,24,3,4817,1,0.9999339326789356
6,12,22,0,4991,2,0.9999339273241861
7,12,20,0,5081,0,0.9999339122703123
6,12,3,0,4587,1,0.9999339070719133
6,12,23,11,4248,0,0.9999339061435145
5,12,9,3,4952,1,0.9999338852940698
7,12,23,0,4932,2,0.9999338791927802
7,12,24,3,4837,1,0.9999338556672043
7,12,23,2,4944,0,0.999933829674494
6,12,23,1,4963,1,0.9999338187295264
7,12,25,1,4773,1,0.9999338110177992
7,12,25,1,4781,0,0.9999337750931291
7,12,24,0,4886,1,0.9999337708507524
7,12,24,4,4766,4,0.9999337611708286
8,12,24,1,4865,2,0.9999337502177551
5,12,2,0,4375,7,0.9999337467216693
7,12,3,0,4498,6,0.9999337439759179
7,12,24,1,4895,1,0.999933743152134
6,12,23,0,4980,1,0.9999337399625917
7,12,23,3,4951,1,0.9999337343097147
6,13,23,1,5507,0,0.9999337142192178
6,13,3,7,4852,0,0.9999336824266803
7,12,24,4,4850,0,0.9999336781205523
6,12,23,0,4995,1,0.9999336772662767
7,12,23,2,4975,2,0.9999336768545012
6,13,23,1,5520,2,0.9999336444488451
7,12,24,1,4913,2,0.9999336391021292
6,12,23,3,4979,0,0.9999336383613443
7,13,23,0,5528,1,0.9999336268643797
7,12,12,0,5126,1,0.9999336168197939
7,12,23,0,5010,1,0.9999335906619935
5,13,2,0,4912,0,0.999933583829604
6,12,2,0,4444,6,0.9999335738685449
7,12,24,1,4780,6,0.9999335713120296
7,12,24,0,4931,2,0.999933561990451
8,13,23,1,5541,2,0.999933526237727
6,12,8,1,4977,2,0.9999335260991948
7,13,24,0,5503,0,0.9999335236323872
7,12,2,0,4550,1,0.9999335236139425
9,12,24,0,4902,1,0.9999335228822546
7,12,23,2,5023,1,0.9999335130609339
8,13,24,0,5496,2,0.9999335013933391
7,12,23,5,4945,1,0.9999334876199362
6,13,4,7,4970,0,0.9999334770791013
7,12,23,0,5042,1,0.9999334593556543
6,12,24,3,4947,2,0.9999334278079726
7,12,23,0,4909,6,0.9999334230870183
8,12,23,0,5037,1,0.9999334179095549
8,13,24,3,5504,0,0.9999334127930533
8,12,24,0,4968,1,0.9999333850207845
7,12,22,0,5123,1,0.9999333656580078
6,13,24,1,5559,1,0.9999333184689247
7,12,23,0,5089,1,0.9999332674417082
6,12,24,1,4877,6,0.999933251333626
6,12,23,0,5104,1,0.9999332253377321
7,12,15,0,5257,2,0.9999332221783062
8,12,23,1,5090,2,0.9999331822843959
6,13,7,0,5275,6,0.9999331811792661
7,12,24,7,4818,0,0.9999331749817127
7,12,24,0,5038,0,0.9999331735690726
7,13,23,0,5640,1,0.9999331693286424
8,12,23,0,4961,6,0.9999331536286107
8,13,23,3,5621,1,0.9999331497557792
8,12,23,0,5108,1,0.9999331331680941
5,12,25,1,4967,0,0.9999331157343185
8,12,23,2,5113,1,0.9999330908058505
7,12,23,0,5133,1,0.9999330888218851
6,12,23,0,5139,0,0.9999330736518679
7,12,24,1,5070,1,0.999933065960643
6,13,23,7,5513,1,0.9999330587380878
6,12,24,11,4349,2,0.9999330545613919
7,12,23,0,5135,2,0.9999330507781369
5,11,23,1,4556,2,0.9999330444652417
7,12,24,3,5047,0,0.9999330444246307
7,12,24,8,4772,0,0.9999330365447825
8,12,24,0,5061,1,0.9999330325044592
5,12,9,3,5094,2,0.9999330144537347
5,12,3,0,4722,0,0.9999330133519718
7,12,23,0,5155,1,0.9999329998993185
7,12,24,3,5064,1,0.9999329876712336
7,12,12,0,5241,1,0.9999329863110974
7,12,24,3,5065,1,0.9999329838782787
7,12,24,1,5088,2,0.9999329661085522
9,13,24,0,5508,6,0.9999329612060374
8,13,23,0,5581,6,0.99993294148673
5,13,4,0,5190,0,0.9999329205270816
6,12,24,0,5105,2,0.9999329121966803
9,13,23,0,5686,1,0.9999329030615957
7,12,23,0,5181,1,0.999932895147506
7,12,20,0,5302,2,0.9999328797904892
7,12,23,3,5166,0,0.9999328592088941
7,12,23,8,4914,2,0.999932853672736
6,12,23,1,5195,0,0.9999328531754038
7,12,23,1,5194,1,0.9999328510046352
5,12,24,0,5119,2,0.9999328380609613
7,12,3,0,4747,1,0.9999328232960567
7,12,23,1,5200,0,0.9999328188326034
6,12,4,0,4838,0,0.9999327976897515
5,13,4,7,5085,0,0.9999327901720927
7,12,23,1,5208,2,0.9999327661385763
9,12,23,1,5184,1,0.9999327498933573
8,12,23,0,5205,1,0.9999327480851948
7,12,23,0,5211,2,0.9999327460467471
6,12,4,0,4751,6,0.9999327232637605
7,12,24,8,4858,2,0.9999327170029246
8,11,22,3,4664,2,0.9999327055162828
7,12,23,0,5223,2,0.99993269821685
8,12,24,1,5156,1,0.9999326830666518
7,12,15,2,5361,2,0.9999326776133731
6,13,23,2,5757,2,0.9999326588278152
6,13,3,7,5027,0,0.9999326485238614
8,12,23,1,5233,1,0.9999326459796172
6,12,23,0,5117,6,0.9999326387225895
7,13,23,2,5766,2,0.9999326317186955
5,12,23,2,5239,1,0.999932630626422
8,13,23,3,5756,1,0.9999326190337275
6,12,3,0,4787,1,0.9999326123543175
7,13,24,9,5454,1,0.9999325940065885
8,12,24,3,5149,2,0.9999325824351899
8,12,23,2,5244,1,0.9999325746198079
7,12,23,8,5001,1,0.9999325695497168
5,12,23,3,5232,2,0.9999325657662955
7,11,24,1,4564,0,0.9999325567114293
8,120,5,0,4754,1,0.999932543762442
8,13,24,0,5755,1,0.9999325299178464
8,12,25,1,5112,0,0.9999325250374079
7,12,24,1,5213,1,0.9999325203638829
6,12,4,0,4785,6,0.9999325169959522
6,11,23,3,4663,2,0.999932495944687
6,12,23,0,5282,0,0.9999324936684474
7,13,23,1,5813,1,0.9999324887424501
6,12,15,1,5407,2,0.9999324805132241
6,12,22,1,5339,1,0.9999324761442044
8,13,11,13,5185,1,0.9999324591489832
8,12,23,0,5280,1,0.9999324536183636
6,12,12,0,5252,6,0.9999324359485174
7,12,23,0,5290,2,0.9999324326322301
7,13,13,0,5790,2,0.999932424509153
5,13,15,0,5836,2,0.9999324204486874
6,12,15,4,5289,6,0.9999324196906586
7,12,24,1,5238,0,0.9999324176260201
6,12,24,11,4603,1,0.9999324077417998
7,12,23,1,5299,2,0.9999324054420147
6,13,20,0,5802,6,0.9999323837484044
6,12,24,0,5253,1,0.999932372479816
5,12,23,1,5305,2,0.999932364479218
7,12,19,1,5439,2,0.9999323596575749
7,13,3,0,5207,1,0.9999323569441008
7,13,24,2,5811,0,0.9999323184950311
6,13,4,7,5176,0,0.9999322975259138
7,12,20,1,5440,2,0.9999322810302846
7,12,23,3,5319,1,0.9999322644327436
6,12,24,1,5283,2,0.9999322388005095
7,12,23,0,5347,1,0.9999322352751094
9,11,23,3,4675,1,0.9999322149620242
6,12,24,3,5274,1,0.9999322092675597
7,12,15,0,5461,2,0.9999322030723309
8,12,23,0,5344,0,0.9999321963212223
7,13,3,0,5147,6,0.9999321747827299
5,13,23,1,5880,1,0.9999321740764026
7,13,23,0,5892,1,0.999932171778038
7,12,24,1,5306,1,0.9999321699474892
7,12,23,0,5364,1,0.999932168592479
6,12,12,0,5396,0,0.9999321666296108
7,12,23,0,5366,1,0.9999321607586088
6,12,4,0,4849,6,0.9999321352131187
5,12,1,0,4678,1,0.9999321287850299
8,12,23,4,5196,6,0.9999320787509689
7,12,24,0,5193,6,0.9999320723862829
6,12,24,3,5311,1,0.9999320703181298
7,12,11,0,5284,6,0.9999320700844242
8,12,24,6,5186,1,0.9999320535834489
7,12,24,0,5334,2,0.9999320300354547
7,13,20,1,5984,2,0.9999320153892703
5,12,23,0,5403,1,0.9999319916359172
7,13,24,1,5912,0,0.999931960232963
7,13,24,15,4813,0,0.9999319578554731
5,12,5,0,5055,1,0.9999319446671474
7,13,23,1,5951,2,0.999931934608632
7,13,23,1,5952,2,0.9999319307900586
6,12,22,1,5476,1,0.9999319133536946
7,13,23,0,5959,0,0.9999319048519298
7,12,23,0,5443,1,0.9999318609535457
6,12,22,1,5487,0,0.9999318601704741
7,12,24,11,4779,1,0.9999318589609137
8,12,23,0,5434,1,0.9999318584260601
8,13,24,4,5896,0,0.9999318583640663
6,12,12,3,5438,2,0.9999318573264698
7,12,24,0,5386,0,0.9999318546621196
7,12,23,0,5447,2,0.9999318203134917
6,13,13,0,5916,2,0.999931812251886
9,12,24,0,5373,1,0.9999317953271202
8,13,26,2,5843,2,0.9999317930352577
7,12,21,0,5531,2,0.9999317866152838
7,12,25,0,5336,1,0.9999317850720634
6,12,11,3,5418,2,0.9999317636523953
7,12,23,2,5462,0,0.9999317625645663
7,12,25,0,5338,2,0.9999317512924526
7,12,23,11,4917,2,0.9999317484285548
7,12,23,1,5470,2,0.9999317403932309
7,12,24,0,5417,0,0.9999317397203
6,13,1,0,5131,1,0.9999317234396772
6,12,3,0,4936,1,0.9999317067554317
7,12,23,0,5477,2,0.9999317049489407
8,12,24,8,5148,0,0.9999317046102362
8,13,23,1,5918,6,0.9999316824177937
8,12,24,0,5425,1,0.9999316807650277
8,13,23,1,6023,1,0.9999316684759818
7,12,24,0,5309,6,0.9999316598141259
6,12,24,11,4857,0,0.9999316588286122
7,12,24,3,5421,1,0.9999316568414999
7,13,24,1,6000,1,0.999931644334964
7,12,23,0,5500,1,0.9999316413021022
7,12,24,1,5448,0,0.9999316337737248
6,12,23,2,5492,2,0.9999316327155908
7,12,2,0,4853,1,0.999931622536642
8,13,24,11,5555,1,0.9999316091819161
7,12,23,1,5389,6,0.9999316050666924
7,12,23,0,5388,6,0.9999316003223506
6,12,23,1,5517,0,0.9999315763821535
8,11,22,1,4990,1,0.999931571711432
7,12,23,1,5519,0,0.9999315685207703
7,12,23,1,5521,0,0.9999315608723096
7,12,23,0,5522,1,0.9999315570489897
7,12,24,0,5468,2,0.9999315353136154
8,13,24,1,6034,0,0.9999314999170363
8,12,23,0,5530,1,0.9999314940780157
7,13,7,0,5597,6,0.9999314765543028
8,12,22,11,5074,1,0.9999314663155162
7,12,23,0,5546,1,0.9999314654716547
7,12,24,0,5498,1,0.999931450166295
7,12,13,2,5567,2,0.9999314410376666
7,12,13,2,5568,2,0.9999314362098495
7,12,23,8,5314,0,0.9999314319854334
5,11,3,0,4586,2,0.9999314085937158
5,12,23,1,5548,2,0.9999314083004601
7,12,20,1,5648,2,0.9999313987091814
5,12,2,0,4752,7,0.9999313812591266
8,13,23,1,6102,1,0.9999313748026493
6,12,2,0,4901,1,0.9999313702511055
6,12,8,0,5363,0,0.9999313569653212
7,10,23,1,4289,2,0.9999313489733712
9,12,22,4,5553,1,0.9999313408756733
7,12,24,3,5510,1,0.9999313333722016
7,12,24,2,5526,1,0.9999313324425134
8,12,24,6,5398,1,0.999931315273166
7,11,24,0,4908,2,0.9999313106194585
6,12,24,0,5537,1,0.9999313072404031
7,13,2,0,5304,1,0.9999313040787174
7,12,24,0,5544,1,0.9999312823258856
7,12,12,0,5573,1,0.9999312820018437
7,12,2,0,4911,1,0.9999312814917538
6,12,13,0,5608,1,0.999931278294896
7,12,23,0,5599,1,0.9999312644830304
6,12,12,2,5569,2,0.9999312614619882
8,12,23,0,5590,0,0.999931260296922
7,12,23,0,5602,1,0.9999312531577248
8,12,23,1,5598,1,0.999931247940267
7,12,19,0,5699,1,0.9999312434884982
7,12,19,1,5696,2,0.999931243104415
6,12,24,1,5557,1,0.9999312424623339
5,12,5,3,5164,1,0.9999312311073991
6,12,23,1,5604,2,0.9999312282320982
7,12,23,1,5609,0,0.9999312267534833
5,13,19,0,6109,5,0.9999312211764597
5,13,19,0,6110,5,0.9999312171076417
8,12,23,1,5607,1,0.9999312144170766
7,12,24,0,5565,1,0.9999312060517901
7,12,23,2,5619,0,0.9999311661933542
7,13,23,1,6069,6,0.999931145517781
7,13,23,0,6071,6,0.9999311290828843
6,12,23,8,5272,6,0.9999311023019263
6,13,23,1,6180,1,0.999931074536269
5,12,12,15,4812,0,0.9999310501866681
9,11,23,3,5003,1,0.9999310490546376
7,13,23,6,6097,1,0.9999310446653533
7,12,23,0,5658,1,0.9999310427670745
8,10,23,0,4342,2,0.9999310408891372
7,12,23,0,5661,1,0.9999310315506265
5,12,24,1,5603,0,0.9999310307033529
8,12,24,11,5040,0,0.9999310244773268
9,13,23,0,6189,1,0.9999310151234672
8,12,24,3,5588,0,0.9999310146265188
5,12,3,3,5041,1,0.9999309847018242
5,12,23,1,5551,6,0.9999309771850539
7,12,23,2,5688,1,0.9999309176683603
7,12,23,0,5575,6,0.9999309163175444
6,12,12,0,5649,1,0.9999309097485086
7,12,25,0,5589,1,0.9999309040202706
7,12,23,0,5690,2,0.9999309013902998
6,12,23,0,5697,1,0.9999308910567476
7,12,24,1,5660,0,0.9999308637817235
8,13,24,8,6017,1,0.9999308614620118
6,12,23,2,5700,0,0.9999308579093165
6,12,23,0,5704,2,0.9999308429710572
5,13,24,1,6201,0,0.9999308428416913
7,12,25,3,5592,1,0.9999308240155884
8,12,25,0,5605,1,0.9999308203599857
6,16,8,20,6010,0,0.9999308149778128
6,12,24,11,5140,0,0.9999308052099822
8,12,23,0,5719,1,0.9999307922925537
6,12,13,0,5710,1,0.9999307920214644
6,12,5,0,5263,0,0.9999307881971379
8,12,23,0,5717,2,0.9999307779102534
7,10,24,4,4211,1,0.9999307631375476
8,10,24,3,4203,2,0.9999307531789894
5,12,24,1,5680,0,0.9999307498241226
7,12,12,0,5685,0,0.9999307341979303
8,12,24,1,5692,2,0.9999307116957041
7,12,24,0,5701,2,0.9999306956029685
6,12,23,1,5748,2,0.9999306882495472
8,12,23,0,5743,2,0.9999306832797051
8,12,23,0,5634,6,0.9999306767980441
7,12,17,0,5734,6,0.9999306697682773
6,12,24,2,5703,2,0.9999306689920616
7,12,23,1,5761,0,0.9999306608512207
5,12,25,2,5642,0,0.9999306596084757
8,12,26,1,5576,2,0.9999306542494083
7,12,23,0,5763,2,0.9999306323377289
7,12,24,0,5726,0,0.9999306198150291
8,12,23,0,5773,1,0.9999305956288669
7,12,23,0,5779,1,0.9999305947828744
8,12,22,3,5792,1,0.9999305858049503
8,12,24,0,5736,1,0.9999305705493835
6,12,23,1,5784,0,0.9999305672648853
7,12,22,11,5362,1,0.9999305453592041
6,12,23,1,5795,1,0.9999305356495362
5,13,24,6,6204,1,0.9999304982246657
5,12,24,0,5751,0,0.9999304848420115
7,12,12,0,5740,1,0.9999304846071277
7,12,23,0,5810,1,0.9999304814695507
7,12,23,0,5806,2,0.9999304753831926
7,12,12,0,5742,1,0.9999304752844002
6,12,12,3,5722,2,0.9999304750141709
7,12,23,2,5805,2,0.9999304673227271
7,12,23,2,5823,1,0.9999304226498589
6,12,23,2,5820,2,0.9999304026729425
8,12,24,0,5785,1,0.9999303998653296
7,12,23,8,5612,1,0.9999303966367944
6,12,24,0,5791,1,0.9999303900137069
6,12,23,1,5833,0,0.9999303870413558
6,12,24,1,5796,0,0.9999303723098903
2,12,23,1,5752,1,0.9999303598448489
7,12,23,0,5737,6,0.9999303381323287
7,12,13,0,5812,1,0.9999303295372873
7,12,3,0,5077,6,0.9999303293370163
7,10,24,0,4467,1,0.999930326671156
8,12,23,1,5845,2,0.9999303248813396
5,10,24,1,4504,1,0.9999302891116392
7,12,24,1,5827,1,0.9999302824197362
7,12,25,4,5732,1,0.9999302698179863
7,12,14,0,5857,0,0.9999302671988253
6,13,4,7,5566,0,0.9999302641397694
7,12,22,1,5900,0,0.9999302630574499
8,12,24,0,5825,1,0.9999302614193428
6,12,23,0,5868,1,0.9999302592546903
7,12,25,1,5777,2,0.9999302531516805
6,12,23,1,5871,0,0.9999302483381414
8,12,24,0,5712,6,0.9999302393252102
7,12,23,3,5861,1,0.9999302361494032
4,12,3,0,5177,2,0.9999302274073738
8,12,24,0,5829,2,0.999930227201498
7,12,23,0,5772,6,0.9999302150269946
7,12,23,0,5885,1,0.9999302097909981
8,13,23,15,5563,1,0.9999301901824322
8,11,22,0,5218,6,0.9999301753359308
8,12,23,0,5893,1,0.9999301647830442
7,12,23,1,5898,0,0.9999301630549868
8,12,23,1,5899,1,0.9999301525421694
7,12,23,0,5906,1,0.9999301343464696
8,12,24,0,5865,1,0.9999301237783111
8,12,24,0,5870,1,0.9999301066300633
5,12,24,0,5873,1,0.9999300604626982
5,12,3,1,5226,0,0.9999300496648353
7,12,2,0,5132,1,0.9999300429156038
7,12,24,0,5778,6,0.9999300406583945
6,12,24,0,5890,0,0.999930032978915
4,12,3,0,5219,1,0.9999300271485816
8,12,23,0,5936,1,0.9999300124786323
7,12,23,3,5919,2,0.9999300099956524
8,10,23,0,4661,2,0.999929998509572
8,13,24,15,5562,0,0.9999299966142324
5,12,1,0,5036,0,0.9999299949369428
7,12,23,0,5947,1,0.9999299878381256
5,12,4,16,4326,0,0.9999299861308049
7,12,23,0,5844,6,0.9999299638368837
7,12,23,1,5957,1,0.9999299613894572
8,12,23,2,5837,6,0.9999299583441689
7,11,2,0,4724,2,0.9999299563894696
8,12,25,0,5867,1,0.9999299473795278
7,12,24,3,5904,1,0.9999299473481884
6,12,24,1,5922,1,0.9999299398327932
5,12,24,1,5911,0,0.9999299272288181
7,12,23,1,5967,2,0.9999299069359354
7,12,23,0,4848,15,0.9999298974009471
6,12,23,0,5971,1,0.9999298877534772
7,12,23,3,5958,2,0.9999298725468516
8,12,23,0,5979,1,0.9999298612737906
7,12,23,0,5978,2,0.9999298589191565
5,13,1,0,5471,0,0.99992985360487
7,12,24,0,5943,2,0.9999298528151062
6,12,4,0,5359,0,0.9999298396609024
6,12,23,15,4888,0,0.9999298359654305
7,12,24,0,5954,1,0.999929834320411
8,12,24,3,5935,1,0.9999298270242433
6,12,23,3,5974,2,0.999929801528766
8,12,22,11,5580,1,0.9999297886659224
9,12,23,0,5994,1,0.9999297685718102
8,12,24,2,5962,2,0.9999297645066407
7,12,24,2,5966,2,0.9999297644963625
6,12,1,1,5083,0,0.9999297618088813
5,12,22,8,5822,1,0.9999297509051372
8,12,23,2,6003,2,0.9999297493561728
9,12,24,0,5965,1,0.9999297416660541
8,12,23,1,6024,1,0.9999297133937549
8,11,22,1,5482,0,0.999929703875776
7,12,25,1,5948,2,0.9999296871770416
8,12,24,6,5882,1,0.9999296863834845
8,12,23,1,5925,6,0.9999296786918888
6,12,24,2,5988,2,0.9999296746380396
7,12,24,4,5968,1,0.9999296545467836
7,12,24,0,6007,1,0.9999296536353499
7,12,23,0,6039,2,0.9999296446490855
7,12,23,8,5840,0,0.9999296146293217
7,12,23,0,6056,1,0.9999296033996312
7,12,11,0,5889,0,0.99992958653406
7,12,20,1,6112,2,0.9999295656375805
5,12,20,1,6098,0,0.9999295634315499
7,12,23,2,6064,2,0.9999295487193967
6,12,23,1,6075,1,0.999929528735232
8,12,23,0,6076,1,0.9999295242188377
9,10,24,0,4659,1,0.9999295057745915
7,12,23,2,6077,2,0.9999295036828765
8,12,23,1,6082,0,0.9999295035534701
7,12,24,2,6055,2,0.9999294643674868
6,12,23,8,5888,1,0.9999294515480073
5,12,5,0,5516,1,0.9999294494188274
5,12,18,2,6119,0,0.9999294410443159
7,12,23,0,6107,1,0.999929426041376
7,11,23,0,5391,6,0.9999294195430753
6,12,24,1,6073,0,0.9999294131793224
7,10,24,0,4778,1,0.9999293679831539
8,13,23,15,5859,0,0.9999293504193357
5,12,17,1,6131,2,0.9999293495918176
8,12,28,4,5794,1,0.9999293241189201
7,12,24,16,4606,0,0.9999293107191232
5,12,24,0,6094,1,0.9999292971709344
6,12,24,1,6117,2,0.9999292565342816
7,12,24,2,6122,0,0.9999292493642754
7,16,23,5,5224,26,0.9999292306662863
7,12,25,1,6091,2,0.9999292237831856
6,12,3,0,5395,1,0.9999291928703073
7,12,23,0,6179,1,0.9999291783704318
6,10,23,0,4958,1,0.9999291482905964
5,12,24,15,5033,2,0.9999291463177707
8,12,23,0,6191,0,0.9999291225463305
6,12,15,0,6154,0,0.9999291133227299
5,12,24,1,6156,0,0.9999290880539297
8,12,23,2,6202,0,0.9999290780236898
4,12,4,0,5494,0,0.9999290564529414
6,12,23,0,6111,6,0.9999290382346849
7,12,24,1,6214,1,0.9999289717734884
7,13,24,15,5973,0,0.9999289195546012
5,16,24,0,5675,26,0.999928907867377
7,12,24,11,5775,1,0.9999289052072396
4,12,8,17,4776,0,0.9999289020576246
7,11,23,0,5670,2,0.9999288942485384
6,13,4,7,5872,0,0.9999288288745312
5,12,14,0,6194,0,0.9999287682351446
5,10,19,0,5167,5,0.9999287575009751
6,12,13,15,5426,1,0.9999287432837699
5,13,4,19,4634,2,0.9999286443725114
6,12,1,0,5296,1,0.9999286441304582
7,12,24,11,5866,2,0.9999286189344955
9,12,28,2,6135,2,0.9999284677719741
8,11,22,3,5824,1,0.9999284315868223
5,12,3,0,5453,6,0.9999284091809765
6,10,25,1,4987,1,0.9999284023561088
6,10,12,0,5269,1,0.9999283896873382
5,11,6,0,5384,1,0.9999283545535979
8,11,23,2,5826,2,0.9999283373800482
6,12,6,11,5374,6,0.9999283190503423
6,12,4,0,5671,1,0.9999283067441933
5,12,24,8,6192,0,0.9999283024793048
6,12,3,0,5578,1,0.9999282924882331
7,11,22,4,5848,1,0.9999282893812035
7,10,15,2,5360,2,0.9999282879287931
7,10,12,2,5279,2,0.9999282855379857
7,11,26,1,5716,1,0.9999281883257419
6,12,3,0,5601,1,0.9999281830107238
7,12,8,0,6029,1,0.9999281798920971
5,10,23,2,5225,2,0.9999281710646855
8,10,15,0,5390,1,0.999928163143405
7,11,23,0,5782,6,0.9999281320740874
8,10,25,1,5095,1,0.9999280114209699
6,12,3,0,5644,1,0.999927980457923
6,10,23,0,5175,6,0.9999278913913193
5,10,23,0,5333,2,0.9999278310379736
6,12,30,0,6205,2,0.9999278230751835
6,12,23,16,5499,0,0.9999278072963832
7,11,24,1,5960,2,0.9999278071953991
7,12,3,0,5687,1,0.9999277866117338
7,13,23,15,4971,15,0.9999277503272037
6,12,4,11,5265,7,0.9999277422533722
8,11,23,0,6046,2,0.9999276368659186
8,10,23,0,5237,6,0.999927636662924
8,11,25,1,5981,2,0.9999275757358854
7,13,24,15,4697,15,0.9999275682915233
4,13,4,7,6137,0,0.9999275669146127
7,12,3,0,5646,6,0.9999275492022737
8,11,24,4,6011,1,0.9999275164540165
6,12,3,0,5749,1,0.9999274971722403
7,10,24,0,5383,1,0.9999274951263032
6,11,23,1,6095,2,0.9999274815460325
6,12,4,16,4918,1,0.999927473929947
5,12,4,0,5858,0,0.9999274031371697
8,11,23,6,6026,1,0.9999273609694131
6,12,7,0,6059,6,0.9999273504486786
6,12,4,16,4954,0,0.9999273240547327
8,10,15,0,5594,1,0.999927320577571
5,12,4,16,4955,0,0.9999273065881072
5,16,6,0,5632,26,0.9999273015104594
5,12,4,16,4957,0,0.9999272986243652
8,9,2,0,4282,1,0.9999272863338402
6,12,13,14,5942,0,0.9999272775030962
5,12,6,0,6088,0,0.9999271878230523
7,12,24,15,5908,1,0.9999271207191691
6,12,11,11,6146,1,0.9999271076724353
7,12,4,8,5764,0,0.9999271043878908
7,13,2,0,6197,1,0.9999270789747973
8,17,24,15,4863,26,0.9999270506937017
7,12,23,15,6008,0,0.9999269915147724
7,12,23,16,5846,1,0.9999269841457088
5,12,6,0,6148,1,0.9999269447383327
6,12,23,8,5720,15,0.9999269361288056
6,12,3,0,5886,1,0.9999268897234542
7,12,3,0,5809,6,0.9999268384633891
5,12,5,16,5191,0,0.999926836608544
6,11,4,0,5535,0,0.9999268278330617
6,11,5,0,5639,1,0.9999267895637951
8,10,20,3,5771,2,0.9999266692531501
9,10,23,1,5695,1,0.9999266551922809
7,10,26,1,5495,2,0.999926642207788
6,13,1,0,6186,1,0.9999266290446659
5,12,5,0,6141,0,0.9999265925450858
5,12,3,11,5645,1,0.9999263109458283
8,10,16,0,5917,1,0.9999261687881298
7,14,10,0,4389,26,0.999926150978991
6,10,3,0,5110,1,0.9999261370173224
6,10,3,0,5111,1,0.9999261321747612
6,12,3,2,6096,1,0.999925997652816
6,12,23,16,6259,1,0.9999259712174943
6,12,23,20,5228,0,0.9999259236370261
7,12,24,19,5514,2,0.9999259078865615
7,12,23,19,5437,6,0.9999257973201082
6,8,5,0,4249,6,0.9999257723310285
5,10,5,2,5376,1,0.999925765769839
7,10,24,0,6001,1,0.9999256757289847
6,12,3,0,6183,1,0.9999256558148268
5,10,3,0,5209,0,0.9999256342445398
5,10,5,0,4478,15,0.9999254550589556
6,10,3,6,5146,1,0.999925445317297
6,12,3,0,6160,6,0.9999253986585356
7,12,24,20,4693,6,0.9999253895117614
6,12,3,16,5348,1,0.9999253716464599
6,9,2,0,4668,1,0.9999253620013752
6,12,24,19,5839,2,0.9999253566632895
7,12,24,15,4701,15,0.999925191340488
5,10,6,0,5611,0,0.9999251329382665
5,10,24,0,6058,6,0.999925090583309
7,12,24,15,5300,15,0.9999249495477649
8,8,24,1,4494,1,0.999924877687209
7,11,23,16,5883,0,0.9999248674817851
5,10,2,15,4222,1,0.9999248161305563
7,10,2,11,4750,5,0.9999246212830436
5,10,5,0,5613,5,0.9999244587279307
5,10,2,0,5358,2,0.9999244243497606
6,12,4,0,5914,15,0.999924331858703
5,8,6,0,4788,0,0.9999241882760339
8,9,23,0,5835,1,0.9999241866650062
7,8,25,1,4758,2,0.999923968249951
7,9,24,1,5909,0,0.9999238696447272
8,15,24,15,5583,26,0.999923798595264
5,9,24,0,5961,1,0.9999236794836598
8,8,14,0,5367,1,0.9999236428760842
6,12,24,22,5913,0,0.9999235466579932
5,8,15,4,5378,1,0.9999235372384759
6,9,3,0,5179,0,0.9999234825078137
6,10,23,15,5907,1,0.9999231930783448
7,13,23,0,5116,26,0.9999231658951421
7,13,23,3,5654,26,0.9999231004668007
7,13,23,0,5801,26,0.9999230947156776
7,7,4,0,4255,2,0.9999230764802793
6,13,24,1,5622,26,0.999923007760225
7,13,23,1,4900,26,0.999923005579618
6,13,24,1,5656,26,0.9999229987878063
7,13,23,0,4893,26,0.9999229906449097
5,13,3,22,5463,6,0.9999229228373218
5,10,7,16,5106,6,0.9999228500553433
6,13,24,1,4934,26,0.9999227481775363
7,13,23,1,4685,26,0.9999227028219918
6,6,16,0,4244,1,0.999922699991149
5,12,40,0,4829,0,0.999922598989312
6,13,23,7,5115,26,0.9999224366609053
6,9,3,0,5459,1,0.9999223286699386
8,8,24,1,5681,2,0.9999222520372054
6,6,8,0,4197,0,0.9999222483651955
5,10,4,0,6159,0,0.9999222093558517
7,13,23,2,4452,26,0.9999221337897134
6,13,24,2,4601,26,0.9999221318633479
7,8,23,0,5842,1,0.9999220678750138
6,7,6,0,4728,2,0.9999218604089896
6,6,16,1,4552,0,0.9999216448733321
5,12,14,0,5259,26,0.9999216011143726
5,13,4,0,4605,26,0.999921566929893
9,7,22,0,5114,2,0.9999215169842182
8,8,30,1,4755,2,0.9999211537672684
6,12,23,1,5663,26,0.9999211154016894
7,12,23,1,5449,26,0.9999211151757015
6,12,23,0,5452,26,0.9999211099742727
6,12,23,1,5371,26,0.9999211013838916
5,12,23,1,5561,26,0.9999210911440015
5,12,23,1,5579,26,0.9999210900399352
5,12,23,1,5750,26,0.9999210582382609
7,12,23,2,5327,26,0.999921052277937
5,12,23,1,5294,26,0.9999210482468742
6,12,23,0,5236,26,0.9999210382995304
7,12,23,3,5789,26,0.9999210230119391
6,12,23,2,5227,26,0.9999210131096793
7,12,23,0,5992,26,0.9999210061683192
6,12,23,1,5997,26,0.9999209973238353
7,12,23,3,5926,26,0.9999209784711777
7,12,23,0,6090,26,0.9999209536898044
6,12,24,1,5637,26,0.99992094397564
6,12,24,1,5753,26,0.9999209387183732
6,12,23,2,5118,26,0.9999209377944095
7,12,24,1,5529,26,0.9999209318443061
6,12,24,1,5524,26,0.9999209305762772
6,12,24,0,5536,26,0.9999209242664948
6,12,24,2,5636,26,0.999920921261738
6,12,24,1,5431,26,0.9999209041874954
5,13,3,0,4854,26,0.9999208981350919
6,12,24,2,5458,26,0.9999208883614039
5,12,24,1,5473,26,0.9999208864807556
6,12,23,4,5937,26,0.9999208842011369
7,12,23,0,5045,26,0.9999208736593982
5,8,30,0,5432,0,0.999920852940371
6,12,23,2,4871,26,0.9999206584591784
7,12,24,0,5050,26,0.9999205872624752
7,7,2,0,4577,1,0.9999205048897157
5,13,4,0,5631,26,0.9999204932054738
6,12,23,3,4808,26,0.9999204797194892
6,12,23,1,4732,26,0.9999204594550404
7,160,8,1,6081,2,0.9999204292237538
5,6,5,0,4348,0,0.9999204131031948
5,12,7,26,4823,0,0.9999203690766333
6,12,23,8,5628,26,0.9999202979055716
5,12,7,26,5025,0,0.9999202350012346
6,12,23,2,4538,26,0.999919972514647
7,12,24,0,4688,26,0.9999199294714326
7,12,23,0,4522,26,0.9999199074940949
8,12,24,0,4713,26,0.999919901829202
5,10,5,16,6070,1,0.999919829935272
6,7,24,3,5776,0,0.9999198231404781
5,8,3,2,5591,0,0.9999195578663428
6,12,24,1,4526,26,0.9999195379690604
7,12,23,1,4351,26,0.9999193545603876
6,12,24,11,5665,26,0.9999193191299713
6,12,24,1,4386,26,0.999919054634328
5,7,22,2,6269,2,0.9999190235378954
7,6,3,0,4401,2,0.9999190197974438
6,11,23,1,5488,26,0.9999189844878933
6,8,3,0,5807,1,0.9999188966729012
7,13,24,15,5062,26,0.9999188663451059
8,6,24,2,4933,2,0.999918856412045
8,6,24,2,4965,0,0.999918841206387
6,6,24,1,5060,0,0.9999188278988386
6,12,3,0,4523,26,0.9999186104440951
5,6,2,0,4390,0,0.9999185969592687
7,12,24,0,4285,26,0.99991855414808
6,12,24,1,4258,26,0.9999185166410813
7,8,7,11,5985,1,0.9999184879755527
3,12,3,0,4191,26,0.9999183151080859
7,6,23,7,5071,0,0.9999183077076497
6,8,3,0,5887,6,0.9999182551575281
5,8,5,0,6228,5,0.9999181744228391
7,6,24,2,5182,6,0.9999180886141475
6,8,5,11,5921,1,0.9999179141688666
8,5,18,4,4714,2,0.9999178380347079
7,5,6,0,4365,1,0.9999178122511388
5,12,1,0,4527,26,0.9999174096862946
5,6,3,0,4864,0,0.9999173440504687
6,6,28,1,5307,2,0.9999171347808407
8,6,28,0,5408,2,0.9999170167104268
7,5,11,1,5158,0,0.999916722330752
6,6,3,0,5054,1,0.999916717952454
6,8,3,11,6067,1,0.9999167006542276
6,7,1,0,5481,1,0.9999167004546272
6,10,24,1,5515,26,0.9999166366406249
4,12,30,1,4687,26,0.9999166300137708
6,6,2,0,4922,1,0.9999166168007998
5,9,2,15,6251,0,0.9999165082540485
7,10,15,2,4437,26,0.9999164776880182
6,8,3,11,6165,1,0.9999164618751575
5,6,1,0,4797,0,0.9999164326405053
6,8,3,11,6229,1,0.9999163091682322
7,6,30,1,5856,0,0.9999161126452141
7,5,4,0,4581,2,0.9999160833169045
6,6,30,0,5902,0,0.9999160653440564
6,6,3,1,5301,0,0.9999159446637755
7,6,30,1,6138,0,0.9999159377596037
7,12,23,15,4700,26,0.9999156949464147
6,9,44,0,6134,2,0.9999155642623979
6,5,4,0,4827,1,0.9999153710500723
6,10,24,1,4702,26,0.9999151265597268
7,4,8,0,4536,0,0.9999150790586205
8,6,23,0,5267,15,0.9999150272129972
7,8,1,16,5527,0,0.99991502051887
6,9,14,1,6033,26,0.999914795166058
5,4,11,0,4946,0,0.9999147296572009
4,10,5,1,5277,26,0.9999147269837629
6,4,7,3,4562,0,0.9999145949978155
8,4,23,1,4734,1,0.9999141481747233
7,4,16,10,4502,1,0.9999139425311885
5,4,24,0,4578,0,0.9999139180057006
7,4,24,1,4473,1,0.9999138625562767
5,10,3,2,5096,26,0.999913846663689
7,4,23,0,5399,1,0.9999137349827464
6,4,13,11,4399,1,0.9999136881765716
6,4,15,3,5653,0,0.9999136660031921
7,4,19,1,6041,2,0.9999132812879428
8,4,25,1,5286,2,0.9999132567231845
8,4,25,1,5287,2,0.9999132563517606
8,4,25,1,5288,2,0.9999132559795684
5,4,24,2,5863,0,0.9999130667635283
5,4,24,3,5930,1,0.9999129654517953
7,4,7,0,5342,0,0.9999126603926303
6,3,6,0,4270,0,0.9999122105639145
8,8,45,1,5816,0,0.9999120325873818
8,3,21,2,4245,1,0.9999120176833072
8,4,7,11,4589,0,0.9999119466303535
5,4,2,0,4711,0,0.9999119201520432
6,3,15,7,4861,1,0.9999118520733149
7,3,22,1,5006,1,0.9999117068014697
7,3,18,1,5534,0,0.9999116963368933
8,4,23,11,5144,6,0.9999113828144034
8,3,23,2,4657,1,0.9999113285474707
7,12,23,21,4738,26,0.9999112149324864
6,4,2,0,5012,1,0.9999112005105726
8,3,23,0,4291,1,0.9999111637896299
6,3,16,10,4476,1,0.9999111172799441
7,3,23,1,5767,1,0.9999110944151727
7,3,6,0,4730,1,0.9999110463180966
7,3,21,1,6085,1,0.9999110222806827
6,3,4,0,4466,1,0.9999107888219924
8,3,25,1,5251,2,0.999910762430225
8,3,25,0,5676,1,0.99991074743174
7,3,25,1,5787,2,0.9999107269806895
7,3,25,1,5903,0,0.9999106969111906
5,3,24,1,6105,0,0.99991068298107
5,3,24,2,6279,1,0.9999105620704181
6,4,30,0,4645,1,0.9999105125502336
7,3,26,3,5478,0,0.9999104638178093
7,3,20,10,4760,1,0.9999103887552304
5,4,5,0,6129,0,0.999910294242102
6,8,5,2,5456,26,0.999910269198716
8,3,27,1,5420,2,0.999910171807053
5,2,15,0,4727,1,0.9999101054759577
7,3,8,0,5618,0,0.999910040298829
8,3,28,1,5577,0,0.9999099225472928
7,3,28,1,5019,0,0.9999095417366463
6,2,20,2,4413,2,0.9999094998642976
6,2,16,4,5121,0,0.9999094701565924
7,2,13,0,5152,1,0.9999094123286959
6,8,3,0,5401,26,0.9999093627282623
7,2,15,0,5400,1,0.9999093173980903
6,3,30,1,5677,1,0.9999093113399249
5,2,20,0,5331,1,0.9999092789735665
8,2,22,0,5923,1,0.9999088086048277
8,2,23,3,5276,1,0.9999086882449226
6,4,2,2,6185,6,0.9999086303980849
7,2,23,0,4684,1,0.9999086193618677
6,4,1,3,6125,0,0.9999085372058377
7,3,3,3,5303,0,0.9999084956506121
8,2,22,0,5666,6,0.9999084753430191
6,2,21,7,4956,2,0.9999084576161685
7,2,24,1,4907,0,0.9999084123173682
6,6,4,22,5412,1,0.9999083870488599
8,2,23,0,4471,1,0.9999083221238437
7,6,4,22,4966,2,0.9999082499697509
6,2,21,7,4461,2,0.99990821245097
7,2,23,1,4283,2,0.9999081535234431
6,3,2,0,5260,0,0.9999081460145983
5,2,24,6,6116,1,0.9999081360499669
7,2,26,0,5525,1,0.9999081269680313
7,2,15,10,4579,2,0.9999081053067347
7,2,16,10,4593,1,0.9999081028466228
7,2,11,0,5928,1,0.999908083462941
7,2,16,10,4869,1,0.9999080832749232
7,2,16,10,4982,2,0.9999080269867442
7,2,13,10,4653,2,0.9999080224773735
7,2,16,10,5160,1,0.9999080081081256
7,2,16,10,5080,2,0.9999080023557989
7,2,15,10,5057,2,0.9999079856401635
6,2,27,1,5799,1,0.9999079745274786
7,2,25,0,4828,1,0.9999079633556417
6,2,18,10,4941,2,0.9999079587095128
7,2,18,10,4644,1,0.9999078974755224
6,2,25,4,4916,1,0.9999078626850122
7,2,15,10,5422,2,0.999907822148495
7,2,25,0,4708,0,0.9999078147520245
5,2,11,0,6114,0,0.9999077948955597
7,2,24,0,4357,1,0.9999077923582826
6,2,19,10,4674,1,0.9999077879200942
6,2,20,10,5821,1,0.9999077645069812
6,2,26,1,4983,1,0.9999077554181196
7,2,20,10,5028,2,0.999907698880052
6,3,1,0,4846,6,0.9999076924362764
6,2,21,10,5210,1,0.9999076497205752
7,2,15,10,5783,1,0.9999076470970253
6,2,20,10,4725,1,0.9999076111765397
8,2,24,1,4287,1,0.9999075388041625
7,2,19,10,4412,2,0.9999074984750176
8,2,25,6,4972,1,0.9999074736977503
6,1,12,0,4264,1,0.999907470882805
7,2,24,10,6234,1,0.9999074489873341
6,8,6,30,5744,1,0.9999074381559366
7,1,13,0,4293,1,0.9999074287372113
6,1,15,1,4811,1,0.9999072066854944
5,1,15,1,4756,2,0.9999071980437361
7,1,11,0,4353,0,0.9999071876730898
6,1,10,0,4267,1,0.9999071854325932
5,4,3,15,5707,0,0.9999071304120188
5,1,13,2,4720,1,0.9999071290747312
8,1,12,0,4535,1,0.9999070598549683
7,2,3,0,4592,0,0.9999070173801275
8,2,26,0,4570,1,0.9999069975159627
5,1,13,2,4892,1,0.9999069811621492
7,1,15,0,5316,0,0.9999068533065083
5,1,11,1,4791,1,0.9999068221925176
6,3,5,11,6157,1,0.9999067977657098
5,2,5,2,5435,1,0.9999067676913059
5,1,17,1,5633,1,0.9999067456105872
6,2,2,0,4448,1,0.9999067219804788
5,1,20,1,4783,0,0.9999067115878554
5,1,18,0,5730,1,0.9999067039658731
7,1,15,4,5281,1,0.9999067017935653
6,2,2,0,4464,1,0.9999066969010173
7,1,11,4,4707,1,0.9999066182962772
7,3,30,10,4953,0,0.9999066160071257
5,1,20,2,4571,0,0.9999065937943171
7,1,21,2,5217,0,0.9999065861266053
7,2,25,6,4402,1,0.9999065842863937
7,1,10,0,4802,1,0.9999065663690517
6,1,20,1,6166,0,0.9999065601330208
7,1,22,0,5745,1,0.9999065339521692
7,1,22,1,5564,1,0.9999065288209207
7,2,27,8,5151,2,0.9999064862647138
6,2,2,0,4629,1,0.9999064468026886
6,2,2,0,4630,1,0.9999064453328542
5,1,10,0,4943,1,0.9999064445050537
6,1,9,0,4718,0,0.9999064372446013
7,1,23,0,6158,1,0.9999064316132323
8,1,22,3,6231,2,0.999906427256168
6,1,23,0,5993,1,0.9999064157126027
7,1,23,0,6280,0,0.9999064156291891
6,1,23,0,6164,1,0.9999064115418214
6,1,23,0,6009,2,0.9999063973169735
6,1,23,0,5738,1,0.9999063970764793
7,1,22,0,5130,2,0.999906368060217
6,1,23,1,5540,0,0.9999063573328986
7,1,8,0,4505,1,0.9999063367282388
7,1,23,1,5506,2,0.9999063315379126
7,1,24,0,6143,1,0.9999063271668799
6,1,24,1,6240,0,0.9999063123484531
7,1,24,1,5950,2,0.9999062898951647
7,1,23,0,5370,0,0.9999062868929186
7,1,22,0,4929,1,0.9999062850721822
7,1,24,0,5946,2,0.9999062799571767
5,1,24,1,6270,0,0.9999062651304546
8,1,24,0,5854,0,0.9999062518957337
5,1,24,0,6012,1,0.9999062512209935
5,1,24,2,6100,1,0.9999062509131385
5,1,24,0,6002,1,0.9999062500628332
5,1,24,0,6250,2,0.9999062487995792
7,1,21,0,4520,1,0.9999062433939016
5,1,24,2,6074,0,0.9999062394212483
7,1,24,0,5714,1,0.9999062374512959
6,1,13,4,5620,2,0.9999062372249556
5,1,23,1,5310,2,0.9999062308786841
5,1,16,7,4238,2,0.9999062211798443
7,1,24,2,5765,2,0.9999062206652762
5,1,24,3,6221,2,0.9999061985983126
6,2,30,10,6115,2,0.9999061880763864
7,2,27,10,5349,2,0.9999061876198316
5,1,24,2,5735,1,0.9999061862878404
5,1,20,6,6182,1,0.9999061711824612
7,1,24,3,5762,2,0.9999061683795979
7,1,23,0,5122,1,0.9999061578622522
7,2,24,10,4636,1,0.9999061492592325
7,1,24,0,5545,2,0.9999061451061575
8,1,24,4,5938,2,0.999906130113031
5,1,24,4,5995,2,0.9999061002661493
7,1,24,2,5415,1,0.9999060831028619
6,1,25,2,5715,1,0.9999060245570507
6,1,18,7,6207,2,0.9999060100545439
7,1,23,0,5669,6,0.9999059688867277
5,1,24,4,5523,1,0.9999059634493653
6,1,24,1,5171,1,0.9999059497918241
7,1,26,1,5949,2,0.999905946414789
5,1,24,6,6276,1,0.9999059403944427
6,1,23,1,4826,0,0.9999059376206184
5,1,24,1,5183,1,0.9999059369609703
6,3,31,1,4362,1,0.9999059057371372
5,1,24,0,6072,6,0.999905896420829
7,1,12,8,4276,1,0.9999058885252122
6,1,17,8,4517,1,0.9999058828992615
6,1,24,1,5076,1,0.9999058682712512
6,1,24,0,5078,1,0.9999058622568888
6,1,7,3,4576,0,0.9999058454787705
6,1,23,1,4689,1,0.999905793008557
7,2,30,10,5754,1,0.9999057635114101
7,1,23,0,4709,2,0.9999057287882664
7,1,24,0,4921,1,0.9999056730820752
8,1,23,0,4726,2,0.9999056634997247
5,1,24,4,5099,0,0.9999056547800422
6,1,24,1,4870,0,0.9999056426326691
5,4,1,16,5831,0,0.9999056311991028
6,1,8,0,5235,1,0.9999056090170124
6,4,1,16,4721,5,0.9999056020590029
5,1,24,8,6184,0,0.9999055966489012
7,1,10,1,5891,0,0.9999055855199974
7,2,26,10,4799,2,0.9999055682696747
6,2,4,10,4544,1,0.9999055662435272
6,1,23,6,5026,1,0.9999055629679436
7,1,11,1,6230,0,0.9999055569580162
7,1,10,1,5927,0,0.9999055561730955
5,2,8,13,4881,0,0.9999055478964362
5,2,8,13,4882,0,0.9999055475975391
7,1,24,0,4804,1,0.9999055226135128
7,1,24,0,4796,1,0.9999055114804737
7,1,23,0,4984,6,0.9999054871721694
5,1,5,0,4318,1,0.9999054783492325
7,1,24,0,5240,6,0.9999054767272683
5,1,25,5,5353,0,0.999905464862779
5,1,24,0,5052,5,0.9999054599893451
8,1,23,0,4575,2,0.9999054405340693
5,1,10,0,5996,0,0.9999054324926335
5,1,7,2,4824,4,0.9999054252145466
6,1,16,10,5352,1,0.9999054119000649
6,1,5,1,4372,1,0.99990539725805
6,1,16,10,5101,1,0.999905392461127
7,1,5,1,4316,1,0.9999053873396652
6,1,15,10,5255,1,0.9999053644399284
5,2,2,8,4450,0,0.9999053590716341
7,1,25,3,5018,1,0.9999053465884555
7,1,15,10,4906,1,0.9999053153364239
6,1,16,10,6140,1,0.999905305908242
7,1,26,0,5170,1,0.9999052855158128
7,2,27,10,4875,2,0.9999052745763095
7,1,29,4,6147,2,0.999905269719127
7,1,17,10,4874,1,0.9999052662095523
8,1,10,6,5817,1,0.9999052379107831
7,1,23,3,4463,2,0.9999052248184989
7,1,24,0,4628,2,0.9999052098725657
7,1,24,0,4599,1,0.9999051991328457
6,5,14,1,5165,26,0.9999051880856286
7,1,22,10,5652,2,0.9999051862932481
6,1,23,8,5136,2,0.9999051570374434
7,1,24,7,5142,0,0.99990515493012
8,1,26,2,5125,1,0.9999051458105318
5,1,24,0,4518,1,0.9999051139490178
8,1,23,1,4363,1,0.9999050980809795
6,1,23,1,4256,0,0.9999050730929951
7,1,16,11,5402,1,0.9999050728073783
7,1,24,0,4548,2,0.9999050630708031
7,1,26,1,5017,0,0.9999050623209886
7,1,17,10,4554,1,0.9999050388210805
7,1,23,1,4271,1,0.9999050293421095
6,1,23,11,6068,1,0.9999050231407767
7,1,23,1,4290,2,0.9999050217844163
6,1,24,7,4986,0,0.9999049738433321
7,1,24,0,4480,1,0.9999049705217901
5,3,21,17,4278,1,0.999904963937514
5,1,4,0,4396,1,0.9999048897161129
6,1,24,10,5629,1,0.999904869643373
7,1,26,10,6052,2,0.9999048483476958
5,1,7,0,5667,1,0.9999048409027396
7,1,23,0,4210,2,0.9999048321458964
6,2,25,10,4308,2,0.999904780082588
6,1,25,0,4616,2,0.9999047782048136
5,1,5,1,4940,1,0.9999047722165217
7,1,27,10,6170,2,0.9999047607239271
7,1,24,3,4439,0,0.9999047431913819
7,1,24,1,4374,1,0.99990474293177
6,1,24,2,4354,0,0.9999047152454839
7,1,24,1,4352,1,0.9999046906512941
8,1,24,4,4541,2,0.9999046789528342
7,1,26,10,5853,2,0.9999046627852161
5,1,25,0,4530,1,0.9999046441029349
7,1,8,0,6006,6,0.999904562227185
5,1,24,0,4558,6,0.9999044946494479
6,1,7,4,5955,0,0.9999044938829279
5,1,24,0,4557,6,0.9999044925750079
6,1,24,8,4851,2,0.9999044525303193
7,1,24,0,4279,2,0.9999044524687949
6,1,25,1,4447,1,0.9999044474533433
7,1,26,5,4879,1,0.9999044420481149
6,2,29,1,4322,1,0.9999043997417125
7,1,27,0,4868,1,0.9999043401608951
7,1,24,1,4213,1,0.9999043269165696
7,1,4,1,4899,0,0.9999043260974975
7,1,24,0,4206,1,0.9999043023534375
8,4,13,0,6241,26,0.9999042931769627
5,1,29,10,6198,2,0.9999042863965936
6,1,3,0,4468,1,0.999904257179073
6,1,5,7,4420,2,0.9999042552323248
7,1,24,10,5069,1,0.9999041603720947
7,1,25,10,5229,2,0.999904093523015
7,1,23,7,4341,0,0.9999040905478338
6,1,4,0,5332,1,0.999903972440011
7,1,24,11,5162,0,0.999903935055563
7,5,14,1,4710,26,0.9999039280221211
4,1,2,0,4205,0,0.999903919327236
5,1,24,13,5711,0,0.9999039075766522
8,1,31,0,5552,1,0.9999039071007632
6,1,25,0,4217,1,0.9999037966909718
6,1,3,0,5009,1,0.9999037586795017
7,1,2,1,4346,1,0.9999037147428008
6,8,30,0,4299,26,0.9999036664793141
7,1,24,15,6028,1,0.9999035617024267
6,1,21,10,4262,2,0.9999035374264473
7,1,2,1,4563,0,0.9999035319551975
5,1,3,2,4807,5,0.9999034947688379
6,1,2,1,4822,1,0.9999033763593219
6,1,2,0,4821,1,0.9999033699839069
5,6,1,0,5215,26,0.9999033645643869
6,1,3,0,4739,6,0.999903363426595
6,1,4,3,6062,0,0.9999033618558927
7,1,30,10,5727,1,0.999903352850948
7,1,27,10,5192,2,0.9999033270174656
7,1,26,10,5015,2,0.9999033150467963
5,1,4,1,6167,0,0.9999033088297747
7,1,4,3,6210,0,0.9999032887820294
5,1,4,0,6247,0,0.9999032462408746
7,1,30,10,5682,2,0.9999032405633895
5,1,24,15,5786,0,0.9999032014048844
6,1,3,2,5741,0,0.9999031826447872
6,1,26,4,4317,0,0.9999031603061905
6,1,1,2,4259,2,0.9999031058649285
8,1,2,0,5168,1,0.9999030370751462
7,1,1,0,4405,0,0.9999030096460688
7,1,6,11,5100,1,0.9999029884007057
7,1,30,10,5560,2,0.9999029765864397
7,1,6,11,4545,0,0.9999029712330342
7,1,11,15,6066,1,0.9999029686815667
6,1,2,1,5406,1,0.9999029485768026
8,1,2,1,5343,1,0.9999029413596323
5,1,13,16,6153,1,0.999902929535571
5,1,3,1,6252,0,0.9999028330368326
8,1,2,0,5558,0,0.9999028019447264
5,1,8,13,4880,0,0.9999027772039754
5,1,15,15,4767,1,0.9999027062616419
5,6,23,1,4272,26,0.9999026843345815
7,1,32,1,5221,0,0.9999026246409833
5,1,1,0,5013,0,0.9999026217845111
5,1,2,0,5877,0,0.9999025944872444
8,1,1,0,4978,1,0.9999025763641296
6,1,3,0,6196,6,0.9999025696733866
6,1,4,10,4717,2,0.9999025421680358
8,1,2,1,6127,1,0.9999025235370514
8,1,1,1,5137,1,0.9999025015528936
7,1,9,15,6174,0,0.9999024697619842
7,2,30,10,4583,2,0.9999024492544824
5,1,2,2,6169,0,0.9999024168936491
5,1,1,1,5410,1,0.9999023795380981
7,1,1,1,5489,0,0.9999023540298237
7,1,1,1,5490,0,0.9999023535016682
7,1,26,8,4434,2,0.9999023418718764
7,1,1,0,5595,1,0.9999022987892663
7,1,1,0,5662,1,0.9999022646338452
7,1,24,10,4325,0,0.9999022612180753
7,2,4,16,4973,1,0.9999022513092887
5,1,2,2,6060,5,0.9999022512780719
6,1,1,4,5317,2,0.999902249515861
7,1,30,10,5268,2,0.999902222468858
7,1,25,8,4216,0,0.9999021646884396
7,1,28,10,4924,2,0.9999021568603556
6,1,20,0,4746,15,0.999902141595281
7,1,8,15,5920,1,0.9999021415208347
6,1,30,3,4729,0,0.9999021277950149
7,3,23,1,5991,26,0.999902120653754
5,1,8,15,6188,0,0.9999021124179619
7,1,1,4,5828,1,0.9999020418696012
8,1,34,2,5423,2,0.9999020301569264
5,1,22,16,5157,0,0.9999020135273489
5,2,2,15,5693,0,0.9999019859807159
5,1,1,0,6121,0,0.9999019719144483
6,1,25,16,5436,0,0.9999019393674524
6,1,1,3,6218,0,0.9999019221021047
5,1,2,8,5972,0,0.9999018257194776
6,1,7,15,5803,1,0.9999017780758033
7,1,6,15,5884,1,0.9999014565260206
8,3,46,1,6014,0,0.9999011372561175
7,1,5,15,6051,1,0.9999011228963822
7,1,25,10,4199,2,0.9999010922383531
5,1,6,16,6272,0,0.999901089230214
8,1,1,9,4355,1,0.9999010759751726
8,1,1,9,4183,1,0.9999010111109238
6,1,28,2,5270,15,0.9999010010497172
7,1,28,10,4609,2,0.9999009883431861
7,1,6,15,4925,0,0.9999009587707756
5,1,5,15,5694,0,0.9999009555811258
5,1,35,5,5350,0,0.9999009276510188
7,1,6,16,5372,1,0.9999007479331534
5,1,4,15,6203,0,0.9999006863334349
5,1,4,15,6171,0,0.9999006791119436
5,1,4,15,6161,0,0.9999006768012582
8,1,6,4,4923,15,0.9999006690855963
5,1,4,15,6099,0,0.9999006618845458
5,1,4,15,6016,0,0.9999006402528192
5,1,4,15,5999,0,0.9999006355765169
6,1,4,15,5804,1,0.9999006239488712
7,1,6,15,4567,0,0.9999006024477868
5,1,3,14,6104,0,0.9999006024147219
6,1,4,15,5768,0,0.9999006016780738
7,1,26,10,4231,2,0.9999005666329934
6,1,29,3,4209,2,0.9999004913065994
6,1,27,10,4321,2,0.9999003909641085
6,1,4,15,5243,0,0.9999003427449757
7,1,3,15,6233,0,0.9999003414195183
6,1,6,15,4307,0,0.9999003237624117
5,1,4,16,6177,0,0.9999002966843442
5,1,3,15,6200,0,0.9999002636674935
5,1,3,15,6103,0,0.9999002356410355
5,1,3,15,6093,0,0.99990023260196
5,1,3,15,6092,0,0.9999002322964677
5,1,3,15,6049,0,0.9999002188836712
5,1,4,4,5356,15,0.9999002066308483
6,2,24,2,6151,26,0.9999001519944897
8,1,1,11,4286,1,0.9999000280600354
6,1,3,15,5475,1,0.9999000180667825
6,1,2,15,6123,0,0.9998998343424949
7,1,27,10,4230,2,0.9998998327632169
5,1,2,15,6227,0,0.9998998246666781
5,1,2,15,6226,0,0.9998998243365449
5,1,2,15,6175,0,0.9998998071292627
5,1,2,15,6168,0,0.9998998047098828
5,1,2,15,6106,0,0.9998997826548697
5,1,3,4,5357,15,0.9998997354238073
5,1,2,15,5879,0,0.9998996915105474
5,1,2,15,5878,0,0.9998996910700206
5,1,2,15,5876,0,0.9998996901878765
5,1,2,15,5875,0,0.9998996897462583
5,1,2,15,5874,0,0.9998996893042758
7,1,28,11,4436,2,0.9998996850128448
5,1,4,15,4500,0,0.9998996692584045
6,1,4,15,4495,1,0.9998996587884802
5,1,3,15,4805,0,0.999899482313248
5,1,2,15,5375,0,0.9998994163359591
5,1,2,16,6139,0,0.9998994058283631
7,1,24,16,4542,0,0.9998993708945775
5,1,2,15,5285,0,0.9998993539531008
6,1,1,15,5933,0,0.9998992633832033
5,1,2,15,5154,0,0.9998992543667706
5,1,1,15,5931,0,0.9998992202512518
8,1,2,15,5134,0,0.9998991861649574
8,1,4,15,4332,2,0.9998991788357868
4,1,22,23,5758,1,0.9998989942974759
5,1,1,16,6199,0,0.9998989602214579
5,1,4,7,4641,15,0.9998989019523361
6,1,1,15,5329,0,0.9998988681524772
5,1,24,16,4392,0,0.9998987286806774
5,1,2,16,5153,0,0.999898696737873
5,1,2,15,4582,0,0.9998986631759191
7,2,30,1,6020,26,0.9998985404857289
7,1,1,15,4960,0,0.9998984917379138
5,3,14,29,5539,1,0.9998984649282899
8,1,5,15,6047,15,0.9998983689853046
6,1,23,1,6176,26,0.9998981327051835
6,1,7,15,5248,15,0.9998978761947858
6,1,40,1,5381,0,0.9998978632290819
8,1,8,15,5075,15,0.9998977647357549
5,1,24,1,6089,26,0.9998977337244135
6,1,23,1,6035,26,0.9998977324550101
5,1,24,0,6019,26,0.9998975116695354
6,1,26,1,6086,26,0.9998974652646301
5,1,24,2,5980,26,0.9998973791941501
5,1,2,15,6212,15,0.9998972386117609
5,1,3,15,5855,15,0.9998972241659627
6,1,25,16,4215,0,0.9998971069623187
6,1,5,15,5245,15,0.9998970934664693
5,1,5,15,5246,15,0.9998970710077854
6,4,1,30,6124,6,0.9998969264180352
7,1,25,17,4340,2,0.9998969119834822
6,1,22,1,5709,26,0.999896786568944
5,1,21,1,5684,26,0.9998967663833647
6,1,23,8,5945,26,0.9998967289396343
7,1,27,1,5915,26,0.9998966683028083
7,1,26,0,5852,26,0.9998966423429655
7,1,13,1,5718,26,0.9998966353249712
6,1,3,15,5345,15,0.9998963820986451
7,1,7,15,4667,15,0.9998963788804496
5,1,3,15,5355,15,0.9998963743999413
7,1,31,10,4232,2,0.9998963743658204
5,1,3,15,5250,15,0.9998961575616204
5,1,3,15,5242,15,0.9998961404007425
5,1,24,1,5625,26,0.999896123014692
7,2,9,1,5016,26,0.9998960853178162
7,1,6,2,6209,26,0.9998959098210143
5,3,1,1,5174,26,0.9998957875621557
6,2,3,2,5678,26,0.9998957647122843
5,1,2,15,5249,15,0.999895640158557
5,2,4,1,5450,26,0.9998956138781395
5,1,5,15,4627,15,0.9998954871355373
6,1,4,15,4748,15,0.9998953903900821
7,1,6,15,4487,15,0.9998953782391731
4,2,44,0,5141,0,0.9998951125861747
5,1,4,15,4640,15,0.9998950519834853
6,1,24,0,5369,26,0.999895015830128
7,1,4,1,6130,26,0.9998949912393555
7,1,4,0,6132,26,0.9998949863790831
7,1,47,2,5847,1,0.9998948982153882
7,2,45,1,5206,2,0.9998946384901926
6,1,7,2,5538,26,0.9998945973399828
6,1,21,1,5143,26,0.9998945373338114
5,1,2,15,4803,15,0.9998944822114015
7,1,23,2,5189,26,0.9998943135635397
6,1,40,9,5002,2,0.9998941010171315
6,1,3,2,5910,26,0.9998940049170169
6,1,2,15,4631,15,0.9998939265941134
5,1,2,1,6061,26,0.9998938883975451
6,1,9,0,5091,26,0.9998937092223406
6,1,14,1,4742,26,0.9998929438627178
6,1,10,8,5067,26,0.9998928431462663
6,1,6,15,5977,26,0.9998925982904698
7,1,3,22,4400,2,0.9998924049496725
6,1,15,3,4622,26,0.9998921405106362
6,1,1,22,4591,1,0.9998921226404499
8,1,41,0,4694,1,0.9998917179218835
7,2,46,2,4994,0,0.9998915757021228
6,1,42,0,4786,1,0.9998915697605814
6,1,38,1,4263,1,0.9998911145840823
6,1,25,15,5312,26,0.9998908699177161
6,2,2,2,4506,26,0.9998907416545899
6,1,1,15,6065,26,0.9998907335520913
6,1,21,1,4508,26,0.9998904581838056
5,1,45,13,5322,1,0.9998903531989805
6,1,1,28,5554,0,0.9998903008724627
6,1,6,1,4430,26,0.9998893526258426
5,1,1,2,4898,26,0.9998893234492254
7,1,24,1,4459,26,0.9998887359077833
5,1,43,3,4635,1,0.9998886085555593
5,1,51,5,5457,0,0.9998875366309721
8,1,47,2,4949,2,0.9998870296001213
6,6,40,0,4323,26,0.9998868729566538
7,1,34,15,5261,26,0.999886363552148
8,1,48,2,4950,2,0.9998857457385831
8,1,48,2,4948,2,0.9998857209371231
7,1,1,15,4969,26,0.9998855382878621
6,1,1,2,4241,26,0.9998852235106291
8,1,47,8,4873,0,0.9998850461964734
7,1,50,1,5093,1,0.9998850208144926
5,1,49,5,5032,5,0.9998848535647425
6,1,45,7,4543,2,0.9998837408536279
5,2,53,13,5271,0,0.9998831732639744
5,1,54,1,6193,26,0.9998829404772109
5,1,59,11,5970,1,0.999882704345079
5,2,45,0,4212,1,0.9998826637866365
6,1,43,0,4187,1,0.999882470216542
6,1,58,0,5702,0,0.9998823160275436
5,2,49,20,5079,1,0.9998815913730903
7,1,47,6,4573,1,0.9998814334420444
7,1,56,0,5321,1,0.9998799685033479
5,2,50,1,4549,0,0.9998798370239756
6,2,58,2,5326,1,0.9998797484685943
8,1,50,0,4695,1,0.9998792516756664
5,1,57,4,5379,1,0.999879211970387
5,1,53,5,4981,0,0.9998789057353507
8,1,53,1,4887,1,0.9998777001046274
5,1,48,0,4358,1,0.999876824035136
7,1,56,0,5103,0,0.9998766586823663
6,1,51,5,4651,0,0.9998765682462186
5,1,50,0,4529,1,0.9998765028151113
7,1,59,1,5341,2,0.9998759707938529
7,1,57,1,5138,1,0.9998757171495235
7,1,62,4,5587,0,0.999875318139755
8,1,47,3,4202,2,0.9998751143374842
5,1,30,26,4825,26,0.9998750280324614
9,1,47,2,4192,1,0.9998748622675909
8,1,58,11,5266,1,0.9998743390500927
6,1,48,0,4214,1,0.9998738817894285
7,1,48,1,4208,0,0.9998736651092758
7,1,55,0,4814,1,0.9998731909457861
8,1,70,0,6031,2,0.9998711161619747
5,1,55,0,4649,1,0.9998699000029354
6,1,50,5,4224,0,0.9998695693987225
6,1,50,0,4188,1,0.9998692495775265
8,1,51,0,4234,0,0.9998680509715587
6,2,47,0,4479,26,0.9998676359695666
8,1,67,1,5491,0,0.9998661392151615
8,1,52,0,4233,0,0.9998659042401666
7,1,51,1,4810,26,0.9998657725138338
7,1,53,3,4306,0,0.9998656384408023
6,1,61,11,5043,0,0.9998652622820111
8,1,59,0,4757,1,0.9998645998901187
5,1,70,0,6063,26,0.9998629772443974
7,131,23,0,4324,1,0.9998622077066208
8,1,72,15,5849,0,0.9998620867226974
7,1,63,4,4910,1,0.999860349593316
5,130,1,0,4284,0,0.9998594202879354
8,1,71,0,5405,1,0.9998573114834891
7,146,24,1,4890,26,0.9998568066850653
7,1,56,15,4343,0,0.9998547614917207
8,1,76,2,5674,2,0.9998545701445013
8,1,57,0,4235,0,0.999854522403672
6,1,75,6,5582,0,0.9998538037817695
7,1,64,1,4731,0,0.9998536936396032
7,1,59,1,4327,0,0.9998527914448984
6,1,59,15,4483,0,0.9998524735295294
6,1,82,17,6128,2,0.9998510897919657
7,1,63,0,4696,15,0.9998502001098788
6,1,59,2,4712,26,0.9998491572638057
9,1,64,1,4481,2,0.9998454251466247
7,1,71,0,4939,0,0.999844457135811
7,1,69,15,4889,0,0.9998430991642834
7,1,85,1,5838,2,0.9998419777492759
6,3,87,16,5924,1,0.9998417801989147
5,1,63,5,4236,0,0.9998387238058463
7,1,82,0,5469,2,0.9998370882708181
7,1,63,11,4393,15,0.9998369834219807
6,1,59,8,4364,26,0.9998356946127752
6,139,24,2,4360,0,0.9998345213564105
6,1,82,1,5380,0,0.999834198248452
5,1,90,2,5881,2,0.9998331526436852
5,1,66,0,4280,1,0.9998326743514301
7,1,70,0,4537,0,0.999832322972585
5,1,76,2,4915,0,0.9998317007836823
7,1,92,0,5963,1,0.9998316829758933
8,1,91,2,5864,2,0.9998305680109458
7,1,69,0,4429,0,0.9998305286586727
8,1,92,0,5901,1,0.9998296935507244
7,1,85,3,5444,1,0.9998295368413836
7,1,68,0,4275,0,0.9998265052809154
9,1,90,3,5664,2,0.9998258754900259
6,1,67,0,4189,1,0.9998255273178889
7,1,74,1,4942,26,0.9998244834018776
7,1,92,0,5729,1,0.9998238625670195
6,1,90,1,5570,0,0.9998226428226064
7,1,90,1,5550,2,0.9998218811147098
7,1,75,0,4584,1,0.999820453573055
7,1,90,1,5505,0,0.999820179489162
7,1,98,3,5998,2,0.9998200375494579
7,1,77,1,4690,1,0.9998196571410305
8,1,82,1,4992,0,0.9998193240463119
7,1,82,0,4937,0,0.9998169689872103
7,1,89,1,5624,26,0.9998168430027587
7,1,94,1,5659,1,0.9998166421226582
8,1,95,3,5708,0,0.9998160769322072
8,1,94,0,5626,0,0.999815297938635
6,1,95,3,5683,0,0.9998151165031425
8,1,97,4,5746,0,0.9998127519596683
8,1,94,0,5542,2,0.9998118581383225
6,1,90,1,5264,1,0.9998101738474371
6,1,73,3,4237,1,0.9998087653385049
7,1,104,0,6048,0,0.9998084468586399
7,1,95,0,5509,1,0.9998079883174514
8,1,90,3,5172,2,0.9998057505739008
7,1,93,1,5340,0,0.9998056406052371
7,1,75,2,4243,0,0.999802403909256
7,1,90,4,5098,0,0.9998021261828525
5,1,83,12,4723,4,0.9998005933593761
8,1,96,1,5387,1,0.9997997454801849
8,1,104,1,5832,1,0.9997994065436752
5,1,108,5,6050,5,0.9997985349473947
6,1,97,1,5616,26,0.9997974806510688
8,1,93,0,5163,2,0.9997969659992108
6,1,92,4,5097,0,0.9997963416891603
6,1,90,4,4976,1,0.9997958511477317
8,1,98,1,5419,2,0.9997958127640159
7,170,23,0,4999,1,0.9997956899160512
7,1,98,2,5394,0,0.9997946010172166
8,1,106,3,5834,0,0.9997943397837312
7,1,102,0,5800,26,0.9997935757308213
7,1,89,1,4847,0,0.9997919650105124
7,1,98,0,5295,0,0.9997895169283092
9,1,83,1,4482,2,0.9997894566193547
8,1,100,1,5397,1,0.9997891305550706
8,1,100,8,5414,0,0.9997891109936194
6,1,100,0,5586,26,0.9997883060224634
8,1,103,1,5543,0,0.9997882497100643
8,1,93,0,4985,2,0.9997872942171196
6,1,109,3,5841,0,0.9997868566201763
7,1,86,1,4832,26,0.9997866437125719
7,1,101,1,5365,0,0.9997845773962535
7,1,95,0,5039,1,0.999784300841546
7,1,96,0,5068,0,0.9997828745192718
7,1,99,1,5214,1,0.9997821134509068
6,1,100,1,5262,0,0.999781828353408
8,1,109,0,5739,1,0.999781769777516
8,1,93,0,4891,1,0.9997817562481773
8,1,108,0,5643,1,0.999779488648505
7,1,89,1,4833,26,0.9997774452550472
7,1,90,1,4655,2,0.9997768085540756
8,1,88,0,4534,0,0.9997755825674394
7,1,111,2,5698,1,0.9997739713950312
8,1,101,3,5173,2,0.9997733260913855
8,1,104,3,5315,1,0.9997726062516656
9,1,117,1,5944,1,0.9997705089129832
7,1,105,0,5325,1,0.9997702420893018
7,1,94,3,4745,0,0.9997688744483816
8,1,114,2,5747,0,0.9997680604480726
6,1,91,0,4565,0,0.9997670673030883
7,1,115,2,5770,4,0.9997663564245164
7,1,93,1,4834,26,0.9997645725611771
8,1,90,6,4462,1,0.9997622649566417
8,1,97,0,4775,1,0.9997603973486564
7,1,98,0,4988,26,0.9997587082522105
7,1,90,5,4409,2,0.999758446902369
7,1,102,2,4989,4,0.9997578825219825
7,1,89,3,4337,1,0.9997570039471834
7,1,105,0,5109,1,0.9997562169842303
9,1,108,3,5247,2,0.9997553662642311
8,1,89,0,4303,1,0.9997542123306966
7,1,101,0,4819,1,0.9997492147150538
7,1,109,2,5180,1,0.9997475286322596
8,1,89,0,4223,1,0.9997473179355508
6,1,100,0,4736,6,0.9997458779093908
7,1,96,1,4525,1,0.999744778908952
8,1,110,1,5188,1,0.9997446286013041
7,1,96,0,4513,1,0.9997437610306769
8,1,111,0,5222,0,0.9997436350228771
8,1,111,1,5201,0,0.9997420976925282
7,1,94,1,4370,0,0.9997395006654993
8,1,118,2,5480,2,0.9997384685525458
7,1,89,21,4395,26,0.9997343504542658
8,1,106,2,4820,2,0.9997301885786399
6,1,117,1,5455,26,0.9997294146157447
8,1,115,2,5203,0,0.999727977405685
8,1,100,0,4493,1,0.9997253735056122
7,1,104,1,4830,26,0.9997251261481761
7,1,106,2,4741,0,0.9997233794514184
8,1,112,1,4964,0,0.999719303771416
8,1,115,3,5092,2,0.9997187030142043
8,1,105,0,4596,0,0.9997139215450335
8,1,103,8,4515,2,0.9997132462270651
6,1,98,1,4246,2,0.9997096186687728
7,1,105,1,4528,1,0.9997072693361336
7,1,117,2,5035,0,0.9997060089497691
9,1,106,3,4559,0,0.9997056274390275
7,1,106,0,4524,1,0.9997024077505295
7,1,104,0,4385,1,0.9996966435151953
8,1,104,1,4344,1,0.9996919276220226
8,1,106,0,4397,1,0.9996884368864637
7,1,105,1,4345,1,0.9996873691310397
8,1,117,4,4733,2,0.9996750190384958
8,1,105,1,4377,26,0.9996741067369702
9,1,117,1,4703,2,0.999671738687601
9,1,140,2,5596,2,0.9996684030548804
8,1,110,0,4304,2,0.9996570603906659
9,1,122,1,4704,2,0.999648257184568
7,1,135,0,5198,0,0.9996474402405608
8,1,119,1,4485,0,0.9996347570874399
6,1,136,0,4681,0,0.9995728397122933
5,243,1,0,4469,0,0.9991759742970935
